Date,Open,High,Low,Close,Adj Close,Volume,Tweet Score,Tweet Volume
2012-09-04,8.390000,9.240000,8.390000,9.120000,8.885954,215600,0.5,0
2012-09-05,9.150000,9.200000,8.810000,8.960000,8.730060,171300,0.5,0
2012-09-06,9.010000,9.060000,8.820000,8.880000,8.652113,110900,0.5,0
2012-09-07,8.940000,8.970000,8.620000,8.650000,8.428015,87600,0.5,0
2012-09-10,8.500000,8.590000,8.150000,8.160000,7.950590,131000,0.5,0
2012-09-11,8.200000,8.510000,8.100000,8.280000,8.067511,83500,0.5,0
2012-09-12,8.290000,8.410000,7.960000,8.050000,7.843413,85400,0.5,0
2012-09-13,8.030000,8.190000,7.930000,8.130000,7.921360,131400,0.5,0
2012-09-14,8.130000,8.210000,7.950000,8.050000,7.843413,119500,0.5,0
2012-09-17,7.980000,8.110000,7.950000,8.110000,7.901873,118400,0.5,0
2012-09-18,8.100000,8.760000,7.840000,8.660000,8.437758,364700,0.5,0
2012-09-19,8.670000,8.820000,8.630000,8.710000,8.486476,121500,0.5,0
2012-09-20,8.650000,8.720000,8.450000,8.640000,8.418272,63300,0.5,0
2012-09-21,8.810000,9.170000,8.650000,9.100000,8.866467,318700,0.5,0
2012-09-24,9.000000,9.160000,8.710000,9.150000,8.915184,96500,0.5,0
2012-09-25,9.170000,9.170000,8.500000,8.550000,8.330582,146800,0.5,0
2012-09-26,8.560000,8.730000,8.440000,8.570000,8.350068,68200,0.5,0
2012-09-27,8.620000,8.820000,8.520000,8.720000,8.496220,73200,0.5,0
2012-09-28,8.670000,8.730000,8.340000,8.430000,8.213661,91000,0.5,0
2012-10-01,8.410000,8.830000,8.330000,8.670000,8.447502,92900,0.5,0
2012-10-02,8.700000,8.750000,8.380000,8.680000,8.457246,97900,0.5,0
2012-10-03,8.670000,8.890000,8.470000,8.790000,8.564423,234000,0.5,0
2012-10-04,8.840000,9.020000,8.810000,9.010000,8.778777,74600,0.5,0
2012-10-05,9.010000,9.160000,8.930000,9.070000,8.837236,67900,0.5,0
2012-10-08,9.010000,9.010000,8.530000,8.790000,8.564423,76500,0.5,0
2012-10-09,8.870000,9.150000,8.660000,9.010000,8.778777,163800,0.5,0
2012-10-10,9.050000,9.440000,9.030000,9.280000,9.041847,153900,0.5,0
2012-10-11,9.360000,9.790000,9.340000,9.710000,9.460813,227700,0.5,0
2012-10-12,9.710000,9.760000,9.520000,9.750000,9.499786,97300,0.5,0
2012-10-15,9.770000,9.780000,9.440000,9.550000,9.304919,121500,0.5,0
2012-10-16,9.620000,9.620000,9.420000,9.460000,9.217229,59500,0.5,0
2012-10-17,9.460000,9.620000,9.270000,9.450000,9.207485,98200,0.5,0
2012-10-18,9.430000,9.470000,9.280000,9.350000,9.110052,65200,0.5,0
2012-10-19,9.280000,9.340000,8.760000,8.810000,8.583910,137700,0.5,0
2012-10-22,8.820000,8.960000,8.700000,8.760000,8.535192,40500,0.5,0
2012-10-23,8.660000,8.980000,8.560000,8.880000,8.652113,58100,0.5,0
2012-10-24,8.930000,8.980000,8.580000,8.620000,8.398786,43000,0.5,0
2012-10-25,8.710000,8.860000,8.530000,8.640000,8.418272,47100,0.5,0
2012-10-26,8.660000,8.700000,8.510000,8.630000,8.408528,17800,0.5,0
2012-10-31,8.660000,8.780000,8.500000,8.750000,8.525449,54500,0.5,0
2012-11-01,8.740000,8.970000,8.550000,8.700000,8.476732,68200,0.5,0
2012-11-02,8.760000,8.880000,8.300000,8.480000,8.262378,95600,0.5,0
2012-11-05,8.500000,8.870000,8.500000,8.830000,8.603396,40500,0.5,0
2012-11-06,8.880000,9.320000,8.810000,9.150000,8.915184,81100,0.5,0
2012-11-07,9.010000,9.040000,8.220000,8.490000,8.272121,114800,0.5,0
2012-11-08,8.460000,8.670000,8.350000,8.360000,8.145457,72100,0.5,0
2012-11-09,8.290000,8.460000,8.090000,8.330000,8.116227,95000,0.5,0
2012-11-12,8.540000,8.870000,8.540000,8.840000,8.613139,83800,0.5,0
2012-11-13,8.770000,9.120000,8.680000,9.070000,8.837236,34200,0.5,0
2012-11-14,9.110000,9.200000,8.380000,8.510000,8.291609,96400,0.5,0
2012-11-15,8.480000,8.600000,8.040000,8.090000,7.882387,137600,0.5,0
2012-11-16,8.130000,8.360000,7.950000,8.060000,7.853157,131600,0.5,0
2012-11-19,8.170000,8.280000,8.000000,8.220000,8.009050,96500,0.5,0
2012-11-20,8.090000,8.280000,7.690000,8.190000,7.979820,119700,0.5,0
2012-11-21,8.250000,8.260000,8.000000,8.190000,7.979820,27200,0.5,0
2012-11-23,8.230000,8.630000,8.230000,8.570000,8.350068,43900,0.5,0
2012-11-26,8.530000,8.710000,8.220000,8.700000,8.476732,95100,0.5,0
2012-11-27,8.660000,8.700000,8.370000,8.430000,8.213661,126100,0.5,0
2012-11-28,8.370000,8.550000,8.040000,8.400000,8.184431,34400,0.5,0
2012-11-29,8.490000,8.660000,8.200000,8.520000,8.301353,50700,0.5,0
2012-11-30,8.500000,8.550000,8.340000,8.550000,8.330582,75600,0.5,0
2012-12-03,8.480000,8.580000,8.170000,8.530000,8.311094,74700,0.5,0
2012-12-04,8.500000,8.730000,8.440000,8.660000,8.437758,129500,0.5,0
2012-12-05,8.720000,8.940000,8.670000,8.870000,8.642369,98000,0.5,0
2012-12-06,8.900000,9.150000,8.750000,9.070000,8.837236,194900,0.5,0
2012-12-07,9.140000,9.200000,8.970000,9.190000,8.954157,94900,0.5,0
2012-12-10,9.190000,9.670000,9.100000,9.650000,9.402352,99500,0.5,0
2012-12-11,9.680000,10.600000,9.680000,10.600000,10.327973,202300,0.5,0
2012-12-12,10.630000,10.660000,10.160000,10.220000,9.957725,217200,0.5,0
2012-12-13,7.660000,7.840000,7.500000,7.500000,7.307528,9474400,0.5,0
2012-12-14,7.540000,7.640000,7.500000,7.520000,7.327014,1374900,0.5,0
2012-12-17,7.550000,7.600000,7.500000,7.530000,7.336758,830800,0.5,0
2012-12-18,7.540000,7.540000,7.500000,7.510000,7.317271,702200,0.5,0
2012-12-19,7.520000,7.610000,7.500000,7.510000,7.317271,836200,0.5,0
2012-12-20,7.510000,7.580000,7.500000,7.520000,7.327014,557400,0.5,0
2012-12-21,7.500000,7.530000,7.450000,7.530000,7.336758,966100,0.5,0
2012-12-24,7.500000,7.580000,7.450000,7.490000,7.297784,152500,0.5,0
2012-12-26,7.520000,7.520000,7.380000,7.420000,7.229581,225500,0.5,0
2012-12-27,7.450000,7.470000,7.270000,7.470000,7.278297,512500,0.5,0
2012-12-28,7.420000,7.570000,7.400000,7.500000,7.307528,208600,0.5,0
2012-12-31,7.440000,7.700000,7.430000,7.690000,7.492652,390000,0.5,0
2013-01-02,7.900000,7.900000,7.640000,7.740000,7.541368,520800,0.5,0
2013-01-03,7.780000,7.810000,7.650000,7.650000,7.453679,310900,0.5,0
2013-01-04,7.700000,7.730000,7.630000,7.720000,7.521882,285600,0.5,0
2013-01-07,7.720000,7.720000,7.550000,7.550000,7.356245,200800,0.5,0
2013-01-08,7.530000,7.710000,7.440000,7.690000,7.492652,378100,0.5,0
2013-01-09,7.730000,7.730000,7.580000,7.670000,7.473165,341000,0.5,0
2013-01-10,7.700000,7.800000,7.610000,7.700000,7.502395,675400,0.5,0
2013-01-11,7.740000,7.740000,7.560000,7.580000,7.385475,350900,0.5,0
2013-01-14,7.600000,7.720000,7.530000,7.700000,7.502395,327100,0.5,0
2013-01-15,7.630000,7.740000,7.620000,7.690000,7.492652,179000,0.5,0
2013-01-16,7.680000,7.740000,7.600000,7.740000,7.541368,153200,0.5,0
2013-01-17,7.750000,7.780000,7.630000,7.660000,7.463422,178700,0.5,0
2013-01-18,7.710000,7.720000,7.620000,7.720000,7.521882,354100,0.5,0
2013-01-22,7.750000,7.780000,7.680000,7.750000,7.551112,410800,0.5,0
2013-01-23,7.920000,8.120000,7.880000,8.010000,7.804440,592900,0.5,0
2013-01-24,8.030000,8.180000,7.980000,8.040000,7.833670,580200,0.5,0
2013-01-25,8.100000,8.150000,8.030000,8.120000,7.911617,205500,0.5,0
2013-01-28,8.160000,8.240000,8.100000,8.240000,8.028537,343800,0.5,0
2013-01-29,8.240000,8.250000,8.220000,8.240000,8.028537,246000,0.5,0
2013-01-30,8.230000,8.270000,8.190000,8.220000,8.009050,259800,0.5,0
2013-01-31,8.260000,8.260000,8.110000,8.200000,7.989563,224900,0.5,0
2013-02-01,8.260000,8.320000,8.120000,8.260000,8.048024,360400,0.5,0
2013-02-04,8.250000,8.350000,8.230000,8.310000,8.096742,377300,0.5,0
2013-02-05,8.380000,8.470000,8.310000,8.460000,8.242891,243200,0.5,0
2013-02-06,8.400000,8.490000,8.370000,8.480000,8.262378,136100,0.5,0
2013-02-07,8.500000,8.500000,8.340000,8.470000,8.252635,303000,0.5,0
2013-02-08,8.490000,8.530000,8.440000,8.480000,8.262378,202000,0.5,0
2013-02-11,8.470000,8.480000,8.330000,8.410000,8.194175,367800,0.5,0
2013-02-12,8.480000,8.500000,8.300000,8.330000,8.116227,346500,0.5,0
2013-02-13,8.410000,8.480000,8.290000,8.430000,8.213661,502300,0.5,0
2013-02-14,8.440000,8.490000,8.360000,8.380000,8.164945,161500,0.5,0
2013-02-15,8.450000,8.600000,8.420000,8.440000,8.223404,327000,0.5,0
2013-02-19,8.430000,8.630000,8.430000,8.600000,8.379299,385600,0.5,0
2013-02-20,8.620000,8.650000,8.580000,8.590000,8.369555,626400,0.5,0
2013-02-21,8.590000,8.600000,8.410000,8.460000,8.242891,293000,0.5,0
2013-02-22,8.550000,8.570000,8.480000,8.560000,8.340325,322200,0.5,0
2013-02-25,8.620000,8.740000,8.520000,8.530000,8.311094,498600,0.5,0
2013-02-26,8.560000,8.590000,8.440000,8.490000,8.272121,398600,0.5,0
2013-02-27,8.500000,8.610000,8.470000,8.540000,8.320838,608100,0.5,0
2013-02-28,8.530000,8.640000,8.520000,8.570000,8.350068,383600,0.5,0
2013-03-01,8.510000,8.550000,8.440000,8.500000,8.281865,879100,0.5,0
2013-03-04,8.480000,8.560000,8.430000,8.490000,8.272121,321500,0.5,0
2013-03-05,8.550000,8.580000,8.490000,8.500000,8.281865,885200,0.5,0
2013-03-06,8.530000,8.660000,8.470000,8.500000,8.281865,287400,0.5,0
2013-03-07,8.540000,8.580000,8.490000,8.540000,8.320838,273700,0.5,0
2013-03-08,8.600000,8.640000,8.550000,8.590000,8.369555,315100,0.5,0
2013-03-11,8.580000,8.600000,8.490000,8.510000,8.291609,193800,0.5,0
2013-03-12,8.510000,8.510000,8.330000,8.440000,8.223404,268900,0.5,0
2013-03-13,8.470000,8.530000,8.400000,8.450000,8.233148,155000,0.5,0
2013-03-14,8.470000,8.470000,8.160000,8.250000,8.038280,265600,0.5,0
2013-03-15,8.260000,8.270000,8.050000,8.100000,7.892130,396600,0.5,0
2013-03-18,8.010000,8.260000,8.010000,8.220000,8.009050,174100,0.5,0
2013-03-19,8.250000,8.310000,8.030000,8.150000,7.940846,200500,0.5,0
2013-03-20,8.170000,8.370000,8.120000,8.160000,7.950590,274000,0.5,0
2013-03-21,8.110000,8.210000,8.030000,8.150000,7.940846,180900,0.5,0
2013-03-22,8.170000,8.310000,8.090000,8.310000,8.096742,310800,0.5,0
2013-03-25,8.260000,8.340000,8.010000,8.180000,7.970078,255100,0.5,0
2013-03-26,8.180000,8.250000,8.120000,8.180000,7.970078,182800,0.5,0
2013-03-27,8.120000,8.140000,8.010000,8.130000,7.921360,250900,0.5,0
2013-03-28,8.150000,8.330000,8.080000,8.260000,8.048024,270800,0.5,0
2013-04-01,8.310000,8.310000,7.960000,8.140000,7.931104,346600,0.5,0
2013-04-02,8.180000,8.390000,8.150000,8.360000,8.145457,1153800,0.5,0
2013-04-03,8.350000,8.400000,8.090000,8.160000,7.950590,192400,0.5,0
2013-04-04,8.140000,8.300000,8.130000,8.270000,8.057768,68400,0.5,0
2013-04-05,8.180000,8.240000,8.080000,8.190000,7.979820,143200,0.5,0
2013-04-08,8.180000,8.470000,8.130000,8.460000,8.242891,276900,0.5,0
2013-04-09,8.470000,8.490000,8.270000,8.400000,8.184431,426000,0.5,0
2013-04-10,8.440000,8.610000,8.380000,8.560000,8.340325,306000,0.5,0
2013-04-11,8.540000,8.870000,8.420000,8.710000,8.486476,280100,0.5,0
2013-04-12,8.690000,8.860000,8.650000,8.790000,8.564423,202500,0.5,0
2013-04-15,8.740000,8.800000,8.460000,8.480000,8.262378,403400,0.5,0
2013-04-16,8.540000,8.720000,8.470000,8.670000,8.447502,249100,0.5,0
2013-04-17,8.590000,8.590000,8.450000,8.500000,8.281865,317600,0.5,0
2013-04-18,8.490000,8.570000,8.310000,8.500000,8.281865,339600,0.5,0
2013-04-19,8.490000,8.530000,8.400000,8.510000,8.291609,139900,0.5,0
2013-04-22,8.490000,8.660000,8.300000,8.620000,8.398786,134100,0.5,0
2013-04-23,8.690000,8.920000,8.590000,8.890000,8.661857,221200,0.5,0
2013-04-24,8.880000,8.880000,8.790000,8.800000,8.574166,170000,0.5,0
2013-04-25,8.820000,8.860000,8.790000,8.860000,8.632626,159000,0.5,0
2013-04-26,8.850000,8.870000,8.810000,8.850000,8.622883,108800,0.5,0
2013-04-29,8.880000,8.900000,8.740000,8.890000,8.661857,126900,0.5,0
2013-04-30,8.940000,9.190000,8.920000,9.040000,8.808007,350900,0.5,0
2013-05-01,9.000000,9.000000,8.750000,8.750000,8.525449,266600,0.5,0
2013-05-02,8.790000,9.050000,8.790000,8.990000,8.759290,139400,0.5,0
2013-05-03,9.050000,9.170000,9.000000,9.040000,8.808007,126200,0.5,0
2013-05-06,9.070000,9.140000,9.000000,9.110000,8.876210,83600,0.5,0
2013-05-07,9.130000,9.500000,9.080000,9.470000,9.226972,99600,0.5,0
2013-05-08,9.470000,9.550000,9.250000,9.330000,9.090565,99500,0.5,0
2013-05-09,9.270000,9.330000,8.960000,9.260000,9.022361,300400,0.5,0
2013-05-10,9.280000,9.280000,9.170000,9.220000,8.983388,119200,0.5,0
2013-05-13,9.170000,9.220000,9.060000,9.160000,8.924927,100800,0.5,0
2013-05-14,9.000000,9.220000,9.000000,9.220000,8.983388,154500,0.5,0
2013-05-15,9.170000,9.240000,9.150000,9.200000,8.963901,205500,0.5,0
2013-05-16,9.140000,9.210000,9.000000,9.170000,8.934670,280100,0.5,0
2013-05-17,9.200000,9.270000,9.160000,9.180000,8.944414,240000,0.5,0
2013-05-20,9.150000,9.950000,8.860000,8.950000,8.720316,901400,0.5,0
2013-05-21,8.950000,9.000000,8.720000,8.900000,8.671599,200100,0.5,0
2013-05-22,8.880000,9.130000,8.750000,8.790000,8.564423,273300,0.5,0
2013-05-23,8.700000,8.750000,8.570000,8.590000,8.369555,216400,0.5,0
2013-05-24,8.550000,8.740000,8.460000,8.720000,8.496220,73300,0.5,0
2013-05-28,8.860000,9.080000,8.820000,8.970000,8.739803,124200,0.5,0
2013-05-29,8.890000,8.900000,8.680000,8.740000,8.515705,102100,0.5,0
2013-05-30,8.780000,8.940000,8.720000,8.930000,8.700830,144100,0.5,0
2013-05-31,8.870000,8.880000,8.620000,8.620000,8.398786,260000,0.5,0
2013-06-03,8.630000,8.700000,8.170000,8.410000,8.194175,419500,0.5,0
2013-06-04,8.490000,8.590000,8.410000,8.490000,8.272121,443500,0.5,0
2013-06-05,8.500000,8.650000,8.380000,8.380000,8.164945,258800,0.5,0
2013-06-06,8.400000,8.520000,8.280000,8.460000,8.242891,346100,0.5,0
2013-06-07,8.550000,8.590000,8.410000,8.490000,8.272121,202700,0.5,0
2013-06-10,8.550000,8.550000,8.350000,8.450000,8.233148,372400,0.5,0
2013-06-11,8.360000,8.430000,8.300000,8.380000,8.164945,133100,0.5,0
2013-06-12,8.460000,8.530000,8.190000,8.190000,7.979820,201900,0.5,0
2013-06-13,8.200000,8.300000,8.160000,8.230000,8.018793,264400,0.5,0
2013-06-14,8.180000,8.240000,8.030000,8.210000,7.999307,356400,0.5,0
2013-06-17,8.290000,8.380000,8.110000,8.250000,8.038280,376600,0.5,0
2013-06-18,8.280000,8.360000,8.200000,8.250000,8.038280,219500,0.5,0
2013-06-19,8.270000,8.300000,7.970000,8.050000,7.843413,362600,0.5,0
2013-06-20,7.940000,8.050000,7.590000,7.630000,7.434192,842800,0.5,0
2013-06-21,7.630000,7.660000,7.360000,7.560000,7.365988,569100,0.5,0
2013-06-24,7.430000,7.610000,7.380000,7.400000,7.210094,315200,0.5,0
2013-06-25,7.470000,7.500000,7.330000,7.440000,7.249068,294100,0.5,0
2013-06-26,7.500000,7.600000,7.370000,7.480000,7.288041,176800,0.5,0
2013-06-27,7.550000,7.580000,7.480000,7.510000,7.317271,202500,0.5,0
2013-06-28,7.480000,7.620000,7.350000,7.540000,7.346501,1079600,0.5,0
2013-07-01,7.600000,7.920000,7.600000,7.860000,7.658289,289200,0.5,0
2013-07-02,7.880000,7.920000,7.480000,7.570000,7.375731,272500,0.5,0
2013-07-03,7.520000,7.610000,7.360000,7.580000,7.385475,373600,0.5,0
2013-07-05,7.690000,7.690000,7.460000,7.530000,7.336758,160700,0.5,0
2013-07-08,7.590000,7.630000,7.460000,7.590000,7.395218,167100,0.5,0
2013-07-09,7.630000,7.710000,7.490000,7.540000,7.346501,233300,0.5,0
2013-07-10,7.550000,7.620000,7.510000,7.560000,7.365988,191200,0.5,0
2013-07-11,7.660000,7.830000,7.600000,7.720000,7.521882,174700,0.5,0
2013-07-12,7.690000,7.890000,7.670000,7.860000,7.658289,223600,0.5,0
2013-07-15,7.850000,8.090000,7.850000,8.050000,7.843413,249900,0.5,0
2013-07-16,8.040000,8.040000,7.790000,7.900000,7.697263,266400,0.5,0
2013-07-17,7.930000,8.000000,7.830000,7.950000,7.745979,144700,0.5,0
2013-07-18,7.960000,8.130000,7.800000,7.980000,7.775209,363800,0.5,0
2013-07-19,7.990000,8.070000,7.900000,8.000000,7.794696,230200,0.5,0
2013-07-22,7.990000,8.050000,7.860000,8.000000,7.794696,121300,0.5,0
2013-07-23,8.050000,8.060000,7.870000,7.920000,7.716750,323400,0.5,0
2013-07-24,8.000000,8.000000,7.870000,7.960000,7.755723,238500,0.5,0
2013-07-25,7.920000,8.160000,7.920000,8.080000,7.872643,273000,0.5,0
2013-07-26,8.000000,8.120000,7.990000,8.040000,7.833670,222800,0.5,0
2013-07-29,7.990000,8.050000,7.950000,8.010000,7.804440,210100,0.5,0
2013-07-30,8.060000,8.080000,7.900000,8.040000,7.833670,187000,0.5,0
2013-07-31,8.050000,8.100000,7.940000,7.960000,7.755723,132600,0.5,0
2013-08-01,8.020000,8.040000,7.950000,8.010000,7.804440,217200,0.5,0
2013-08-02,7.970000,8.050000,7.960000,8.000000,7.794696,105900,0.5,0
2013-08-05,8.000000,8.080000,7.990000,8.040000,7.833670,53400,0.5,0
2013-08-06,8.040000,8.580000,8.040000,8.560000,8.340325,384400,0.5,0
2013-08-07,8.500000,8.500000,8.210000,8.340000,8.125971,239800,0.5,0
2013-08-08,8.380000,8.510000,8.210000,8.480000,8.262378,130800,0.5,0
2013-08-09,8.530000,9.040000,8.530000,8.940000,8.710573,378400,0.5,0
2013-08-12,8.850000,9.280000,8.840000,9.250000,9.012618,237800,0.5,0
2013-08-13,9.240000,9.330000,9.140000,9.200000,8.963901,130300,0.5,0
2013-08-14,9.190000,9.220000,8.940000,9.100000,8.866467,198900,0.5,0
2013-08-15,9.040000,9.080000,8.900000,8.990000,8.759290,204600,0.5,0
2013-08-16,9.000000,9.060000,8.660000,8.700000,8.476732,350300,0.5,0
2013-08-19,8.880000,9.090000,8.830000,8.950000,8.720316,211800,0.5,0
2013-08-20,9.090000,9.190000,8.960000,9.170000,8.934670,163100,0.5,0
2013-08-21,9.160000,9.190000,8.960000,9.020000,8.788521,125700,0.5,0
2013-08-22,9.010000,9.420000,9.010000,9.300000,9.061335,157300,0.5,0
2013-08-23,9.300000,9.310000,9.100000,9.160000,8.924927,111000,0.5,0
2013-08-26,9.150000,9.170000,8.790000,9.000000,8.769033,136600,0.5,0
2013-08-27,8.920000,9.110000,8.720000,8.720000,8.496220,110400,0.5,0
2013-08-28,8.690000,8.720000,8.480000,8.570000,8.350068,138300,0.5,0
2013-08-29,8.580000,9.100000,8.580000,9.080000,8.846980,167100,0.5,0
2013-08-30,9.050000,9.390000,9.030000,9.190000,8.954157,265800,0.5,0
2013-09-03,9.300000,9.790000,9.300000,9.490000,9.246458,270300,0.5,0
2013-09-04,9.500000,9.750000,9.500000,9.640000,9.392610,1148600,0.5,0
2013-09-05,9.660000,9.800000,9.360000,9.490000,9.246458,277100,0.5,0
2013-09-06,9.560000,10.080000,9.420000,9.860000,9.606963,599600,0.5,0
2013-09-09,9.870000,9.990000,9.850000,9.910000,9.655680,256400,0.5,0
2013-09-10,9.940000,10.090000,9.860000,9.900000,9.645936,196800,0.5,0
2013-09-11,9.900000,10.050000,9.890000,9.990000,9.733626,379100,0.5,0
2013-09-12,9.990000,10.020000,9.900000,9.920000,9.665423,287500,0.5,0
2013-09-13,9.980000,9.980000,9.900000,9.950000,9.694654,173900,0.5,0
2013-09-16,10.040000,10.290000,9.990000,10.230000,9.967467,467400,0.5,0
2013-09-17,10.240000,10.240000,10.080000,10.180000,9.918752,319900,0.5,0
2013-09-18,10.150000,10.350000,10.070000,10.280000,10.016185,362400,0.5,0
2013-09-19,10.270000,10.280000,10.140000,10.200000,9.938237,595200,0.5,0
2013-09-20,10.260000,10.330000,10.040000,10.040000,9.782344,665900,0.5,0
2013-09-23,10.000000,10.410000,10.000000,10.320000,10.055158,201400,0.5,0
2013-09-24,10.300000,10.330000,10.100000,10.160000,9.899264,190100,0.5,0
2013-09-25,10.190000,10.350000,10.010000,10.020000,9.762857,114100,0.5,0
2013-09-26,10.070000,10.180000,9.950000,10.010000,9.753114,110000,0.5,0
2013-09-27,9.950000,10.100000,9.900000,10.060000,9.801831,180700,0.5,0
2013-09-30,10.150000,10.500000,9.880000,10.370000,10.103875,419000,0.5,0
2013-10-01,10.320000,10.730000,10.260000,10.680000,10.405920,270300,0.5,0
2013-10-02,10.640000,10.730000,10.430000,10.580000,10.308486,244300,0.5,0
2013-10-03,10.590000,10.590000,10.010000,10.520000,10.250026,417800,0.5,0
2013-10-04,10.500000,10.530000,10.300000,10.380000,10.113619,390300,0.5,0
2013-10-07,10.280000,10.560000,10.090000,10.250000,9.986955,285800,0.5,0
2013-10-08,10.250000,10.280000,9.920000,10.090000,9.831061,421700,0.5,0
2013-10-09,10.110000,10.240000,9.710000,9.900000,9.645936,333400,0.5,0
2013-10-10,10.040000,10.100000,9.870000,10.090000,9.831061,169300,0.5,0
2013-10-11,10.050000,10.430000,10.010000,10.410000,10.142848,152300,0.5,0
2013-10-14,10.340000,10.510000,10.250000,10.440000,10.172078,96000,0.5,0
2013-10-15,10.400000,10.530000,10.190000,10.360000,10.094131,154400,0.5,0
2013-10-16,10.400000,10.480000,10.260000,10.340000,10.074645,97500,0.5,0
2013-10-17,10.250000,10.470000,10.250000,10.470000,10.201309,123900,0.5,0
2013-10-18,10.570000,10.640000,10.490000,10.600000,10.327973,164000,0.5,0
2013-10-21,10.640000,10.760000,10.560000,10.650000,10.376689,151800,0.5,0
2013-10-22,10.720000,10.860000,10.510000,10.620000,10.347459,112900,0.5,0
2013-10-23,10.540000,10.760000,10.540000,10.630000,10.357203,103300,0.5,0
2013-10-24,10.620000,11.030000,10.620000,10.920000,10.639761,245700,0.5,0
2013-10-25,10.980000,10.980000,10.800000,10.870000,10.591043,82200,0.5,0
2013-10-28,10.910000,10.940000,10.580000,10.700000,10.425406,237800,0.5,0
2013-10-29,10.700000,10.920000,10.700000,10.920000,10.639761,167100,0.5,0
2013-10-30,10.960000,11.000000,10.750000,10.890000,10.610531,169500,0.5,0
2013-10-31,10.900000,11.010000,10.760000,10.890000,10.610531,164400,0.5,0
2013-11-01,10.840000,10.890000,10.450000,10.660000,10.386433,186400,0.5,0
2013-11-04,10.760000,10.860000,10.720000,10.830000,10.552070,135000,0.5,0
2013-11-05,10.800000,10.920000,10.600000,10.630000,10.357203,140600,0.5,0
2013-11-06,10.680000,10.790000,10.460000,10.660000,10.386433,156000,0.5,0
2013-11-07,10.730000,10.730000,10.460000,10.540000,10.269512,100300,0.5,0
2013-11-08,10.540000,11.010000,10.530000,10.970000,10.688478,169000,0.5,0
2013-11-11,10.980000,11.180000,10.870000,11.110000,10.824884,180600,0.5,0
2013-11-12,11.100000,11.180000,10.920000,11.050000,10.766424,89500,0.5,0
2013-11-13,11.000000,11.130000,10.970000,11.040000,10.756680,338900,0.5,0
2013-11-14,11.010000,11.320000,11.010000,11.280000,10.990521,128600,0.5,0
2013-11-15,11.330000,11.620000,11.330000,11.410000,11.117186,188200,0.5,0
2013-11-18,11.410000,11.570000,11.230000,11.320000,11.029495,98200,0.5,0
2013-11-19,11.350000,11.500000,11.180000,11.260000,10.971035,131000,0.5,0
2013-11-20,11.320000,11.320000,10.940000,11.010000,10.727451,154800,0.5,0
2013-11-21,11.080000,11.590000,11.080000,11.450000,11.156159,222000,0.5,0
2013-11-22,11.440000,11.550000,11.120000,11.450000,11.156159,364900,0.5,0
2013-11-25,11.450000,11.700000,11.060000,11.090000,10.805398,219400,0.5,0
2013-11-26,11.070000,11.550000,11.020000,11.530000,11.234106,208200,0.5,0
2013-11-27,11.570000,12.000000,11.470000,12.000000,11.692044,348600,0.5,0
2013-11-29,12.090000,12.140000,11.830000,12.000000,11.692044,182900,0.5,0
2013-12-02,12.000000,12.000000,11.570000,11.760000,11.458204,178800,0.5,0
2013-12-03,11.740000,11.860000,11.500000,11.820000,11.516664,307300,0.5,0
2013-12-04,11.750000,12.000000,11.600000,11.850000,11.545895,829800,0.5,0
2013-12-05,11.850000,11.880000,11.670000,11.730000,11.428973,136000,0.5,0
2013-12-06,11.800000,11.870000,11.490000,11.600000,11.302310,218000,0.5,0
2013-12-09,11.670000,11.720000,11.490000,11.520000,11.224363,206400,0.5,0
2013-12-10,11.520000,11.540000,11.320000,11.320000,11.029495,131500,0.5,0
2013-12-11,11.360000,11.390000,11.140000,11.240000,10.951549,137400,0.5,0
2013-12-12,10.860000,11.280000,10.630000,10.930000,10.649504,253400,0.5,0
2013-12-13,10.990000,11.260000,10.990000,11.110000,10.824884,219600,0.5,0
2013-12-16,11.140000,11.440000,11.140000,11.190000,10.902831,176900,0.5,0
2013-12-17,11.220000,11.310000,10.990000,11.090000,10.805398,150800,0.5,0
2013-12-18,11.140000,11.360000,10.940000,11.280000,10.990521,172500,0.5,0
2013-12-19,11.270000,11.460000,11.260000,11.270000,10.980779,94700,0.5,0
2013-12-20,11.290000,11.460000,11.250000,11.360000,11.068468,252700,0.5,0
2013-12-23,11.460000,11.570000,11.320000,11.510000,11.214620,144700,0.5,0
2013-12-24,11.560000,11.760000,11.440000,11.620000,11.321796,110500,0.5,0
2013-12-26,11.640000,11.870000,11.640000,11.810000,11.506921,95800,0.5,0
2013-12-27,11.790000,11.950000,11.750000,11.850000,11.545895,99600,0.5,0
2013-12-30,11.880000,11.960000,11.750000,11.780000,11.477690,99600,0.5,0
2013-12-31,11.810000,11.930000,11.740000,11.850000,11.545895,162700,0.5,0
2014-01-02,11.850000,12.000000,11.830000,11.990000,11.682301,167100,0.5,0
2014-01-03,12.050000,12.050000,11.820000,11.860000,11.555637,80600,0.5,0
2014-01-06,11.880000,12.000000,11.700000,11.760000,11.458204,142700,0.5,0
2014-01-07,11.760000,11.910000,11.720000,11.750000,11.448461,163200,0.5,0
2014-01-08,11.770000,11.770000,11.400000,11.550000,11.253593,226400,0.5,0
2014-01-09,11.650000,11.880000,11.590000,11.670000,11.370513,92900,0.5,0
2014-01-10,11.710000,11.850000,11.400000,11.630000,11.331540,137800,0.5,0
2014-01-13,11.660000,11.790000,11.400000,11.510000,11.214620,152500,0.5,0
2014-01-14,11.550000,11.600000,11.350000,11.500000,11.204876,120000,0.5,0
2014-01-15,11.500000,11.600000,11.260000,11.360000,11.068468,133700,0.5,0
2014-01-16,11.310000,11.410000,11.160000,11.290000,11.000265,138700,0.5,0
2014-01-17,11.330000,11.380000,11.250000,11.330000,11.039239,181800,0.5,0
2014-01-21,11.400000,11.430000,11.210000,11.300000,11.010009,135300,0.5,0
2014-01-22,11.370000,11.530000,11.250000,11.410000,11.117186,247000,0.9985384941101074,1
2014-01-23,11.380000,11.600000,11.380000,11.450000,11.156159,500500,0.5,0
2014-01-24,11.380000,11.530000,11.130000,11.320000,11.029495,226900,0.5,0
2014-01-27,11.380000,11.560000,11.170000,11.190000,10.902831,171900,0.5,0
2014-01-28,11.250000,11.370000,11.090000,11.360000,11.068468,149100,0.5,0
2014-01-29,11.300000,11.460000,11.070000,11.090000,10.805398,135300,0.5,0
2014-01-30,11.140000,12.000000,11.140000,11.940000,11.633584,1073100,0.999853253364563,1
2014-01-31,11.740000,11.960000,11.510000,11.880000,11.575124,212300,0.5,0
2014-02-03,11.880000,12.000000,11.660000,11.750000,11.448461,374200,0.5,0
2014-02-04,11.780000,11.870000,11.610000,11.640000,11.341284,130200,0.5,0
2014-02-05,11.600000,11.720000,11.500000,11.620000,11.321796,168400,0.5,0
2014-02-06,11.690000,11.840000,11.490000,11.540000,11.243850,207700,0.0032927393913269043,1
2014-02-07,11.310000,11.550000,11.130000,11.470000,11.175646,294700,0.5,0
2014-02-10,11.510000,11.510000,11.220000,11.320000,11.029495,239500,0.5,0
2014-02-11,11.310000,11.440000,11.210000,11.360000,11.068468,143500,0.5,0
2014-02-12,11.410000,11.430000,11.170000,11.210000,10.922318,161100,0.5,0
2014-02-13,11.160000,11.530000,11.100000,11.500000,11.204876,112000,0.5,0
2014-02-14,11.510000,11.510000,11.230000,11.410000,11.117186,135000,0.7859815955162048,1
2014-02-18,11.390000,11.570000,11.310000,11.460000,11.165902,223100,0.5,0
2014-02-19,11.380000,11.480000,11.110000,11.170000,10.883345,185000,0.5,0
2014-02-20,11.220000,11.390000,11.140000,11.370000,11.078212,176000,0.5,0
2014-02-21,11.390000,11.500000,11.270000,11.320000,11.029495,104200,0.5,0
2014-02-24,11.300000,11.580000,11.250000,11.500000,11.204876,207800,0.014211475849151611,2
2014-02-25,11.500000,11.590000,11.250000,11.400000,11.107442,123700,0.5,0
2014-02-26,11.440000,11.630000,11.370000,11.420000,11.126929,151300,0.5,0
2014-02-27,11.370000,11.460000,11.320000,11.450000,11.156159,132800,0.5,0
2014-02-28,11.490000,11.540000,11.210000,11.350000,11.058725,182500,0.5,0
2014-03-03,11.300000,11.360000,11.110000,11.250000,10.961291,143000,0.5,0
2014-03-04,11.380000,11.680000,11.290000,11.510000,11.214620,269000,0.5,0
2014-03-05,11.470000,11.560000,11.330000,11.450000,11.156159,103000,0.5,0
2014-03-06,11.430000,11.750000,11.350000,11.600000,11.302310,251400,0.5,0
2014-03-07,11.690000,11.910000,11.580000,11.870000,11.565380,712700,0.5,0
2014-03-10,11.810000,12.590000,11.810000,12.500000,12.179213,1488800,0.9976444840431213,1
2014-03-11,12.520000,13.160000,12.510000,12.730000,12.403310,716100,0.5,0
2014-03-12,12.640000,12.920000,12.640000,12.900000,12.568948,317900,0.33493107557296753,1
2014-03-13,12.960000,13.010000,12.640000,12.820000,12.491000,390300,0.5,0
2014-03-14,12.760000,13.070000,12.710000,12.770000,12.442285,285900,0.5,0
2014-03-17,12.870000,13.180000,12.780000,13.000000,12.666382,349000,0.5,0
2014-03-18,12.980000,13.160000,12.920000,13.070000,12.734585,493300,0.5,0
2014-03-19,13.020000,13.250000,12.730000,12.840000,12.510488,478400,0.11463278532028198,1
2014-03-20,12.860000,13.060000,12.830000,12.900000,12.568948,347900,0.5,0
2014-03-21,13.010000,13.010000,12.360000,12.450000,12.130496,3485800,0.5,0
2014-03-24,12.560000,12.570000,12.140000,12.360000,12.042806,500800,0.5,0
2014-03-25,12.390000,12.540000,12.240000,12.350000,12.033063,254400,0.5,0
2014-03-26,12.430000,12.480000,12.180000,12.190000,11.877168,157700,0.5,0
2014-03-27,12.220000,12.330000,12.080000,12.210000,11.896655,170900,0.00026279687881469727,1
2014-03-28,12.200000,12.390000,11.930000,11.960000,11.653071,273300,0.5,0
2014-03-31,11.970000,12.450000,11.930000,12.230000,11.916142,422400,0.5,0
2014-04-01,12.220000,12.470000,12.160000,12.400000,12.081779,359400,0.5,0
2014-04-02,12.460000,12.480000,12.310000,12.430000,12.111010,152000,0.5,0
2014-04-03,12.460000,12.530000,12.300000,12.360000,12.042806,135200,0.5,0
2014-04-04,12.400000,12.540000,12.040000,12.100000,11.789478,243900,0.5,0
2014-04-07,12.020000,12.150000,11.870000,11.900000,11.594610,194100,0.5,0
2014-04-08,11.950000,12.210000,11.950000,12.070000,11.760248,214300,0.5,0
2014-04-09,12.070000,12.160000,11.860000,11.990000,11.682301,432400,0.5,0
2014-04-10,12.020000,12.490000,11.960000,12.200000,11.886911,1964400,0.5,0
2014-04-11,12.080000,12.240000,11.630000,11.710000,11.409487,246000,0.0025687813758850098,1
2014-04-14,11.840000,11.840000,11.490000,11.630000,11.331540,222100,0.5,0
2014-04-15,11.620000,11.830000,11.560000,11.600000,11.302310,292700,0.010223746299743652,1
2014-04-16,11.690000,12.240000,11.690000,12.190000,11.877168,487400,0.5,0
2014-04-17,12.140000,12.170000,11.990000,12.060000,11.750505,187800,0.5,0
2014-04-21,12.030000,12.220000,11.990000,12.060000,11.750505,110200,0.5,0
2014-04-22,12.120000,12.280000,12.050000,12.100000,11.789478,296300,0.5,0
2014-04-23,12.050000,12.090000,11.950000,12.000000,11.692044,181500,0.5,0
2014-04-24,12.040000,12.050000,11.930000,12.010000,11.701788,131700,0.5,0
2014-04-25,11.950000,12.060000,11.570000,11.590000,11.292566,464800,0.5,0
2014-04-28,11.600000,11.690000,11.400000,11.450000,11.156159,227900,0.5,0
2014-04-29,11.530000,11.630000,11.450000,11.490000,11.195132,134300,0.010223746299743652,1
2014-04-30,11.430000,11.690000,11.350000,11.660000,11.360770,161600,0.5,0
2014-05-01,11.650000,11.720000,11.500000,11.690000,11.389999,144200,0.5,0
2014-05-02,11.730000,11.830000,11.590000,11.760000,11.458204,125700,0.5,0
2014-05-05,11.700000,11.770000,11.660000,11.750000,11.448461,93800,0.5,0
2014-05-06,11.690000,11.690000,11.200000,11.520000,11.224363,558300,0.5,0
2014-05-07,11.500000,11.520000,11.170000,11.430000,11.136673,246800,0.5,0
2014-05-08,11.370000,11.500000,11.210000,11.450000,11.156159,241100,0.5,0
2014-05-09,11.410000,11.560000,11.400000,11.540000,11.243850,197900,0.5,0
2014-05-12,10.790000,11.630000,10.600000,11.570000,11.273079,321300,0.2788289189338684,2
2014-05-13,11.550000,11.820000,11.290000,11.570000,11.273079,340400,0.5,0
2014-05-14,11.610000,11.810000,11.440000,11.490000,11.195132,321600,0.5,0
2014-05-15,11.640000,11.800000,11.510000,11.690000,11.389999,442000,0.5,0
2014-05-16,11.620000,11.930000,11.620000,11.790000,11.790000,356500,0.5,0
2014-05-19,11.720000,11.800000,11.640000,11.760000,11.760000,294000,0.5,0
2014-05-20,11.700000,11.750000,11.310000,11.470000,11.470000,371500,0.5,0
2014-05-21,11.460000,11.690000,11.450000,11.650000,11.650000,303500,0.5,0
2014-05-22,11.620000,11.720000,11.520000,11.600000,11.600000,338700,0.5,0
2014-05-23,11.650000,11.770000,11.590000,11.710000,11.710000,301000,0.5,0
2014-05-27,11.800000,11.950000,11.780000,11.890000,11.890000,760400,0.5,0
2014-05-28,11.870000,12.050000,11.840000,11.980000,11.980000,435200,0.5,0
2014-05-29,12.060000,12.070000,11.920000,11.940000,11.940000,606200,0.5,0
2014-05-30,11.980000,12.050000,11.800000,11.840000,11.840000,786400,0.5,0
2014-06-02,11.810000,11.810000,11.560000,11.690000,11.690000,799400,0.5,0
2014-06-03,11.690000,11.740000,11.580000,11.670000,11.670000,245400,0.5,0
2014-06-04,11.620000,11.730000,11.390000,11.650000,11.650000,381100,0.5,0
2014-06-05,11.660000,11.850000,11.650000,11.740000,11.740000,385400,0.5,0
2014-06-06,11.810000,11.990000,11.770000,11.940000,11.940000,599700,0.5,0
2014-06-09,11.980000,12.370000,11.920000,12.180000,12.180000,1217400,0.5,0
2014-06-10,12.200000,12.440000,12.190000,12.260000,12.260000,993200,0.7960759401321411,1
2014-06-11,12.260000,12.430000,12.240000,12.260000,12.260000,779400,0.5,0
2014-06-12,12.250000,12.310000,12.060000,12.210000,12.210000,1072300,0.5,0
2014-06-13,12.280000,12.290000,12.160000,12.180000,12.180000,585200,0.5,0
2014-06-16,12.150000,12.380000,12.090000,12.140000,12.140000,963800,0.5,0
2014-06-17,12.160000,12.520000,12.160000,12.430000,12.430000,770400,0.5,0
2014-06-18,12.370000,12.620000,12.370000,12.490000,12.490000,911800,0.5,0
2014-06-19,12.480000,12.740000,12.480000,12.550000,12.550000,1042200,0.5,0
2014-06-20,12.630000,13.340000,12.410000,12.960000,12.960000,6920800,0.5,0
2014-06-23,12.960000,13.250000,12.950000,13.110000,13.110000,1093000,0.5,0
2014-06-24,13.120000,13.170000,12.960000,13.010000,13.010000,900900,0.5,0
2014-06-25,12.920000,13.170000,12.910000,13.100000,13.100000,1147100,0.5,0
2014-06-26,13.110000,13.110000,12.890000,12.940000,12.940000,636200,0.5,0
2014-06-27,12.880000,13.000000,12.730000,12.730000,12.730000,4776100,0.5,0
2014-06-30,12.740000,12.780000,12.550000,12.700000,12.700000,740500,0.5,0
2014-07-01,12.740000,12.970000,12.690000,12.880000,12.880000,887000,0.5,0
2014-07-02,12.870000,12.970000,12.760000,12.880000,12.880000,409300,0.5,0
2014-07-03,12.880000,12.990000,12.860000,12.900000,12.900000,214800,0.5,0
2014-07-07,12.800000,12.960000,12.580000,12.650000,12.650000,430500,0.5,0
2014-07-08,12.590000,12.730000,12.400000,12.630000,12.630000,567800,0.5,0
2014-07-09,12.620000,12.730000,12.580000,12.630000,12.630000,241800,0.5,0
2014-07-10,12.410000,12.640000,12.360000,12.570000,12.570000,259200,0.5,0
2014-07-11,12.520000,12.650000,12.210000,12.230000,12.230000,394600,0.5,0
2014-07-14,12.300000,12.420000,12.210000,12.320000,12.320000,305100,0.5,0
2014-07-15,12.290000,12.340000,12.050000,12.110000,12.110000,371400,0.5,0
2014-07-16,12.180000,12.230000,11.990000,12.030000,12.030000,294700,0.5,0
2014-07-17,11.990000,12.150000,11.780000,11.850000,11.850000,415700,0.5,0
2014-07-18,11.760000,11.990000,11.750000,11.910000,11.910000,445700,0.5,0
2014-07-21,11.870000,11.890000,11.680000,11.810000,11.810000,248600,0.5,0
2014-07-22,11.840000,11.920000,11.650000,11.790000,11.790000,675600,0.5,0
2014-07-23,11.770000,11.820000,11.580000,11.780000,11.780000,339300,0.5,0
2014-07-24,11.790000,11.940000,11.730000,11.900000,11.900000,375000,0.5,0
2014-07-25,11.800000,11.900000,11.740000,11.840000,11.840000,338500,0.5,0
2014-07-28,11.840000,11.890000,11.630000,11.740000,11.740000,347200,0.5,0
2014-07-29,11.730000,11.910000,11.650000,11.710000,11.710000,313400,0.5,0
2014-07-30,11.810000,12.090000,11.780000,12.020000,12.020000,626600,0.5,0
2014-07-31,11.900000,12.020000,11.650000,11.730000,11.730000,451500,0.0035796165466308594,1
2014-08-01,11.740000,11.860000,11.530000,11.710000,11.710000,284400,0.5,0
2014-08-04,11.780000,11.830000,11.590000,11.810000,11.810000,412900,0.5,0
2014-08-05,11.740000,11.950000,11.590000,11.870000,11.870000,324100,0.5,0
2014-08-06,11.820000,12.040000,11.820000,11.930000,11.930000,188400,0.5,0
2014-08-07,11.960000,12.310000,11.920000,12.160000,12.160000,431900,0.5,0
2014-08-08,12.240000,12.550000,12.060000,12.530000,12.530000,1692900,0.5,0
2014-08-11,12.550000,12.640000,12.490000,12.530000,12.530000,569100,0.5,0
2014-08-12,12.500000,12.590000,12.440000,12.500000,12.500000,518500,0.5,0
2014-08-13,12.540000,12.730000,12.490000,12.700000,12.700000,407700,0.5,0
2014-08-14,12.710000,12.740000,12.640000,12.670000,12.670000,150400,0.5,0
2014-08-15,12.780000,12.910000,12.620000,12.720000,12.720000,398900,0.5,0
2014-08-18,12.750000,13.000000,12.580000,12.600000,12.600000,544400,0.5,0
2014-08-19,12.600000,12.630000,12.570000,12.630000,12.630000,262200,0.5,0
2014-08-20,12.590000,12.800000,12.560000,12.680000,12.680000,316200,0.5,0
2014-08-21,12.700000,12.730000,12.550000,12.650000,12.650000,182700,0.5,0
2014-08-22,12.600000,12.760000,12.570000,12.660000,12.660000,212200,0.5,0
2014-08-25,12.750000,13.040000,12.690000,12.950000,12.950000,475000,0.5,0
2014-08-26,12.990000,13.070000,12.900000,12.940000,12.940000,315900,0.5,0
2014-08-27,12.950000,13.000000,12.840000,12.890000,12.890000,249300,0.5,0
2014-08-28,12.860000,13.000000,12.810000,12.930000,12.930000,247200,0.5,0
2014-08-29,12.900000,12.990000,12.900000,12.950000,12.950000,375200,0.003892242908477783,1
2014-09-02,12.990000,13.000000,12.870000,12.910000,12.910000,271900,0.5,0
2014-09-03,12.960000,13.000000,12.760000,12.820000,12.820000,143100,0.5,0
2014-09-04,12.870000,12.960000,12.820000,12.860000,12.860000,148200,0.5,0
2014-09-05,12.800000,12.800000,12.650000,12.730000,12.730000,148300,0.5,0
2014-09-08,12.700000,12.900000,12.700000,12.890000,12.890000,324100,0.5,0
2014-09-09,12.850000,12.990000,12.730000,12.950000,12.950000,443800,0.5,0
2014-09-10,12.960000,13.000000,12.880000,12.950000,12.950000,322800,0.5,0
2014-09-11,12.900000,13.000000,12.900000,12.950000,12.950000,300000,0.5,0
2014-09-12,12.940000,12.960000,12.700000,12.820000,12.820000,2241600,0.5,0
2014-09-15,12.830000,12.930000,12.780000,12.910000,12.910000,495200,0.5,0
2014-09-16,12.930000,13.020000,12.850000,12.950000,12.950000,814800,0.5,0
2014-09-17,12.990000,13.200000,12.860000,13.070000,13.070000,594600,0.5,0
2014-09-18,13.080000,13.300000,13.080000,13.160000,13.160000,642200,0.5,0
2014-09-19,13.190000,13.400000,13.050000,13.050000,13.050000,1668900,0.5,0
2014-09-22,13.020000,13.080000,12.750000,12.880000,12.880000,455100,0.5,0
2014-09-23,12.830000,13.030000,12.830000,12.970000,12.970000,476800,0.5,0
2014-09-24,12.970000,13.290000,12.890000,13.240000,13.240000,732900,0.5,0
2014-09-25,13.260000,13.260000,13.050000,13.080000,13.080000,312000,0.5,0
2014-09-26,13.050000,13.230000,13.030000,13.190000,13.190000,284000,0.5,0
2014-09-29,13.120000,13.330000,13.070000,13.190000,13.190000,232000,0.5,0
2014-09-30,13.210000,13.320000,13.070000,13.120000,13.120000,429800,0.5,0
2014-10-01,13.120000,13.120000,12.780000,12.970000,12.970000,444600,0.5,0
2014-10-02,12.980000,13.140000,12.960000,13.090000,13.090000,1294700,0.5,0
2014-10-03,13.230000,13.230000,13.100000,13.110000,13.110000,596200,0.5,0
2014-10-06,13.110000,13.150000,13.070000,13.090000,13.090000,412800,0.5,0
2014-10-07,13.010000,13.110000,12.940000,12.970000,12.970000,382900,0.5,0
2014-10-08,12.930000,13.140000,12.860000,13.100000,13.100000,468400,0.5,0
2014-10-09,13.070000,13.070000,12.770000,12.830000,12.830000,279800,0.5,0
2014-10-10,12.780000,12.880000,12.520000,12.530000,12.530000,441800,0.5,0
2014-10-13,12.510000,12.630000,12.320000,12.340000,12.340000,464200,0.5,0
2014-10-14,12.420000,12.650000,12.210000,12.460000,12.460000,460400,0.5,0
2014-10-15,12.250000,12.460000,12.060000,12.320000,12.320000,473100,0.5,0
2014-10-16,12.180000,12.610000,12.180000,12.460000,12.460000,292900,0.5,0
2014-10-17,12.640000,12.690000,12.360000,12.460000,12.460000,225200,0.5,0
2014-10-20,12.390000,12.700000,12.340000,12.690000,12.690000,354200,0.5,0
2014-10-21,12.780000,12.940000,12.690000,12.930000,12.930000,146900,0.5,0
2014-10-22,12.930000,13.110000,12.810000,12.810000,12.810000,230700,0.5,0
2014-10-23,12.930000,12.980000,12.850000,12.910000,12.910000,185200,0.5,0
2014-10-24,12.970000,13.030000,12.830000,12.950000,12.950000,205100,0.5,0
2014-10-27,12.870000,13.010000,12.840000,12.960000,12.960000,154700,0.5,0
2014-10-28,13.040000,13.100000,12.950000,13.070000,13.070000,574600,0.5,0
2014-10-29,13.060000,13.170000,13.020000,13.110000,13.110000,540700,0.5,0
2014-10-30,13.110000,13.240000,13.040000,13.140000,13.140000,509200,0.5,0
2014-10-31,13.560000,13.560000,13.090000,13.140000,13.140000,725500,0.5,0
2014-11-03,13.140000,13.270000,13.110000,13.140000,13.140000,443000,0.5,0
2014-11-04,13.130000,13.190000,13.090000,13.120000,13.120000,240900,0.5,0
2014-11-05,13.200000,13.220000,13.040000,13.130000,13.130000,306300,0.5,0
2014-11-06,13.100000,13.130000,13.010000,13.070000,13.070000,223100,0.5,0
2014-11-07,13.030000,13.070000,12.940000,12.980000,12.980000,278200,0.5,0
2014-11-10,13.010000,13.030000,12.920000,12.990000,12.990000,289800,0.5,0
2014-11-11,12.990000,13.090000,12.920000,12.980000,12.980000,331000,0.5,0
2014-11-12,12.950000,13.050000,12.930000,13.000000,13.000000,350900,0.5,0
2014-11-13,13.020000,13.140000,13.020000,13.050000,13.050000,320800,0.5,0
2014-11-14,13.080000,13.120000,13.030000,13.090000,13.090000,292600,0.5,0
2014-11-17,13.100000,13.120000,12.970000,12.990000,12.990000,181400,0.5,0
2014-11-18,12.990000,13.240000,12.990000,13.070000,13.070000,307600,0.5,0
2014-11-19,13.100000,13.140000,13.000000,13.100000,13.100000,236700,0.5,0
2014-11-20,13.040000,13.080000,12.970000,12.990000,12.990000,195700,0.5,0
2014-11-21,13.190000,13.450000,12.660000,12.700000,12.700000,299400,0.5,0
2014-11-24,12.730000,12.900000,12.660000,12.900000,12.900000,502500,0.5,0
2014-11-25,12.930000,13.400000,12.660000,13.360000,13.360000,2118600,0.004566609859466553,1
2014-11-26,13.730000,13.980000,13.550000,13.800000,13.800000,776800,0.5,0
2014-11-28,13.810000,13.910000,13.720000,13.720000,13.720000,297700,0.5,0
2014-12-01,13.700000,13.880000,13.570000,13.590000,13.590000,516300,0.5,0
2014-12-02,13.600000,13.780000,13.590000,13.760000,13.760000,436300,0.5,0
2014-12-03,13.770000,13.840000,13.630000,13.720000,13.720000,358600,0.31576478481292725,1
2014-12-04,13.730000,13.990000,13.460000,13.670000,13.670000,505800,0.5,0
2014-12-05,13.690000,13.810000,13.510000,13.790000,13.790000,434600,0.5,0
2014-12-08,13.790000,13.940000,13.490000,13.630000,13.630000,432100,0.5,0
2014-12-09,13.500000,13.580000,13.400000,13.500000,13.500000,485700,0.5,0
2014-12-10,13.400000,13.510000,13.100000,13.210000,13.210000,1164300,0.5,0
2014-12-11,13.290000,13.500000,13.250000,13.290000,13.290000,357400,0.5,0
2014-12-12,13.130000,13.250000,13.100000,13.100000,13.100000,239600,0.5,0
2014-12-15,13.130000,13.160000,12.850000,12.850000,12.850000,396000,0.5,0
2014-12-16,12.840000,13.170000,12.780000,13.010000,13.010000,295700,0.5,0
2014-12-17,13.020000,13.450000,12.940000,13.380000,13.380000,343400,0.5,0
2014-12-18,13.540000,13.600000,13.420000,13.600000,13.600000,317400,0.5,0
2014-12-19,13.560000,13.860000,13.460000,13.840000,13.840000,1280300,0.5,0
2014-12-22,13.850000,13.960000,13.770000,13.940000,13.940000,205700,0.5,0
2014-12-23,14.000000,14.060000,13.870000,14.000000,14.000000,138700,0.5,0
2014-12-24,13.990000,14.150000,13.970000,13.980000,13.980000,112800,0.5,0
2014-12-26,14.060000,14.210000,14.020000,14.170000,14.170000,104000,0.5,0
2014-12-29,14.140000,14.290000,14.000000,14.250000,14.250000,268200,0.5,0
2014-12-30,14.220000,14.320000,14.150000,14.160000,14.160000,153500,0.5,0
2014-12-31,14.220000,14.270000,14.050000,14.160000,14.160000,480600,0.5,0
2015-01-02,14.200000,14.220000,13.830000,13.930000,13.930000,200400,0.5,0
2015-01-05,13.880000,13.980000,13.520000,13.530000,13.530000,247100,0.5,0
2015-01-06,13.510000,13.590000,13.210000,13.300000,13.300000,307900,0.5,0
2015-01-07,13.460000,13.560000,13.330000,13.500000,13.500000,367900,0.5,0
2015-01-08,13.610000,13.750000,13.540000,13.750000,13.750000,368000,0.5,0
2015-01-09,13.710000,13.850000,13.630000,13.630000,13.630000,247900,0.5,0
2015-01-12,13.630000,13.700000,13.470000,13.590000,13.590000,183600,0.5,0
2015-01-13,13.680000,13.920000,13.380000,13.500000,13.500000,265200,0.5,0
2015-01-14,13.340000,13.590000,13.340000,13.530000,13.530000,161000,0.5,0
2015-01-15,13.520000,13.590000,13.060000,13.060000,13.060000,295600,0.5,0
2015-01-16,12.980000,13.300000,12.900000,13.270000,13.270000,214700,0.5,0
2015-01-20,13.270000,13.280000,12.980000,13.130000,13.130000,222400,0.5,0
2015-01-21,13.080000,13.140000,12.950000,13.050000,13.050000,128100,0.5,0
2015-01-22,13.090000,13.390000,13.010000,13.390000,13.390000,167600,0.5,0
2015-01-23,13.390000,13.390000,13.170000,13.290000,13.290000,147900,0.5,0
2015-01-26,13.240000,13.430000,13.130000,13.400000,13.400000,294000,0.5,0
2015-01-27,13.230000,13.270000,13.030000,13.190000,13.190000,170100,0.05503129959106445,1
2015-01-28,13.220000,13.220000,12.630000,12.710000,12.710000,207100,0.5,0
2015-01-29,12.710000,12.800000,12.540000,12.770000,12.770000,212700,0.5,0
2015-01-30,12.740000,12.740000,12.300000,12.490000,12.490000,374700,0.5,0
2015-02-02,12.490000,12.550000,12.200000,12.530000,12.530000,444200,0.5,0
2015-02-03,12.550000,12.860000,12.490000,12.830000,12.830000,335800,0.5,0
2015-02-04,12.740000,12.940000,12.740000,12.860000,12.860000,264900,0.5,0
2015-02-05,12.940000,13.400000,12.880000,13.320000,13.320000,409000,0.5,0
2015-02-06,13.090000,13.300000,12.720000,13.030000,13.030000,319800,0.03947418928146362,1
2015-02-09,12.950000,12.960000,12.340000,12.400000,12.400000,417600,0.5,0
2015-02-10,12.430000,12.430000,11.920000,12.000000,12.000000,851900,0.5,0
2015-02-11,11.980000,12.230000,11.840000,11.970000,11.970000,382000,0.5,0
2015-02-12,12.030000,12.100000,11.870000,11.900000,11.900000,199200,0.5,0
2015-02-13,11.870000,11.940000,11.830000,11.840000,11.840000,226200,0.5,0
2015-02-17,11.840000,12.250000,11.690000,12.210000,12.210000,1075500,0.5,0
2015-02-18,12.160000,12.400000,12.070000,12.150000,12.150000,941400,0.5,0
2015-02-19,12.150000,12.260000,12.060000,12.210000,12.210000,264000,0.5,0
2015-02-20,12.150000,12.280000,11.990000,12.240000,12.240000,368900,0.5,0
2015-02-23,12.240000,12.300000,12.150000,12.280000,12.280000,211200,0.5,0
2015-02-24,12.320000,12.370000,12.070000,12.150000,12.150000,363300,0.5,0
2015-02-25,12.120000,12.330000,12.100000,12.310000,12.310000,445500,0.5,0
2015-02-26,12.280000,12.330000,12.060000,12.250000,12.250000,598800,0.5,0
2015-02-27,12.230000,12.360000,12.060000,12.320000,12.320000,619200,0.5,0
2015-03-02,12.340000,12.480000,12.270000,12.460000,12.460000,389600,0.5,0
2015-03-03,12.390000,12.560000,12.260000,12.480000,12.480000,417500,0.5,0
2015-03-04,12.450000,12.450000,12.280000,12.360000,12.360000,457400,0.5,0
2015-03-05,12.360000,12.470000,12.240000,12.460000,12.460000,373100,0.5,0
2015-03-06,12.350000,12.510000,12.260000,12.300000,12.300000,531200,0.5,0
2015-03-09,12.300000,12.340000,11.890000,12.060000,12.060000,963000,0.5,0
2015-03-10,11.890000,11.970000,11.610000,11.630000,11.630000,696500,0.5,0
2015-03-11,11.620000,12.090000,11.510000,12.070000,12.070000,666400,0.5,0
2015-03-12,12.190000,12.480000,12.040000,12.250000,12.250000,6038800,0.5,0
2015-03-13,12.250000,12.310000,11.920000,12.030000,12.030000,720300,0.5,0
2015-03-16,12.060000,12.070000,11.820000,11.960000,11.960000,817500,0.5,0
2015-03-17,11.870000,12.140000,11.670000,12.100000,12.100000,584300,0.5,0
2015-03-18,12.090000,12.210000,11.890000,12.060000,12.060000,750400,0.5,0
2015-03-19,12.010000,12.250000,11.980000,12.250000,12.250000,501500,0.5,0
2015-03-20,12.300000,12.470000,12.040000,12.460000,12.460000,3139300,0.5,0
2015-03-23,12.460000,12.610000,12.330000,12.420000,12.420000,434200,0.5,0
2015-03-24,12.420000,12.470000,12.170000,12.290000,12.290000,292300,0.5,0
2015-03-25,12.320000,12.540000,12.110000,12.180000,12.180000,355400,0.5,0
2015-03-26,12.170000,12.240000,12.000000,12.050000,12.050000,407600,0.5,0
2015-03-27,12.050000,12.240000,12.010000,12.080000,12.080000,225700,0.5,0
2015-03-30,12.150000,12.390000,12.150000,12.370000,12.370000,280600,0.9300035834312439,1
2015-03-31,12.310000,12.520000,12.310000,12.480000,12.480000,651700,0.5,0
2015-04-01,12.440000,12.540000,12.100000,12.180000,12.180000,384000,0.5,0
2015-04-02,12.180000,12.250000,11.810000,12.000000,12.000000,399800,0.5,0
2015-04-06,11.940000,12.040000,11.920000,12.010000,12.010000,320100,0.5,0
2015-04-07,12.030000,12.410000,12.030000,12.370000,12.370000,377400,0.5,0
2015-04-08,12.370000,12.450000,12.230000,12.380000,12.380000,292900,0.5,0
2015-04-09,12.390000,12.420000,12.110000,12.240000,12.240000,384600,0.5,0
2015-04-10,12.310000,12.330000,12.130000,12.160000,12.160000,175500,0.07303446531295776,1
2015-04-13,12.970000,13.270000,12.390000,12.520000,12.520000,1070100,0.5,0
2015-04-14,12.550000,12.630000,12.390000,12.480000,12.480000,1312400,0.5,0
2015-04-15,12.540000,12.620000,12.490000,12.500000,12.500000,602300,0.5,0
2015-04-16,12.510000,12.590000,12.380000,12.440000,12.440000,389800,0.5,0
2015-04-17,12.360000,12.400000,12.120000,12.220000,12.220000,600300,0.5,0
2015-04-20,12.310000,12.310000,12.080000,12.120000,12.120000,580900,0.5,0
2015-04-21,12.200000,12.220000,12.100000,12.130000,12.130000,535400,0.5,0
2015-04-22,12.120000,12.180000,12.090000,12.150000,12.150000,568400,0.5,0
2015-04-23,12.120000,12.200000,12.070000,12.160000,12.160000,312700,0.5,0
2015-04-24,12.190000,12.410000,12.120000,12.280000,12.280000,923300,0.5,0
2015-04-27,12.340000,12.470000,12.230000,12.270000,12.270000,781200,0.5,0
2015-04-28,12.240000,12.530000,12.240000,12.400000,12.400000,1184300,0.5,0
2015-04-29,12.290000,13.160000,12.260000,13.080000,13.080000,1532100,0.5,0
2015-04-30,13.020000,13.080000,12.480000,12.530000,12.530000,635000,0.5,0
2015-05-01,12.580000,12.790000,12.480000,12.730000,12.730000,544200,0.5,0
2015-05-04,12.740000,12.820000,12.610000,12.770000,12.770000,438400,0.5,0
2015-05-05,12.720000,12.790000,12.630000,12.690000,12.690000,564300,0.5,0
2015-05-06,12.740000,12.740000,12.440000,12.470000,12.470000,534800,0.5,0
2015-05-07,12.440000,12.470000,12.350000,12.390000,12.390000,476900,0.7335922718048096,1
2015-05-08,12.030000,12.350000,11.900000,11.910000,11.910000,1083900,0.5,0
2015-05-11,11.860000,11.970000,11.640000,11.870000,11.870000,725700,0.5,0
2015-05-12,11.810000,11.880000,11.550000,11.860000,11.860000,1143300,0.5,0
2015-05-13,11.820000,12.350000,11.820000,12.330000,12.330000,1297000,0.5,0
2015-05-14,12.400000,12.530000,12.340000,12.390000,12.390000,729100,0.0016365647315979004,1
2015-05-15,12.380000,12.450000,12.210000,12.350000,12.350000,423300,0.5,0
2015-05-18,12.340000,12.750000,12.300000,12.650000,12.650000,728400,0.5,0
2015-05-19,12.670000,12.670000,12.430000,12.500000,12.500000,648700,0.5,0
2015-05-20,12.540000,12.700000,12.470000,12.680000,12.680000,508200,0.5,0
2015-05-21,12.660000,12.660000,12.480000,12.630000,12.630000,347100,0.5,0
2015-05-22,12.610000,12.910000,12.600000,12.890000,12.890000,561000,0.5,0
2015-05-26,12.860000,12.930000,12.760000,12.860000,12.860000,799800,0.5,0
2015-05-27,12.870000,13.000000,12.830000,13.000000,13.000000,620400,0.5,0
2015-05-28,12.960000,13.090000,12.960000,13.050000,13.050000,787100,0.5,0
2015-05-29,13.020000,13.150000,12.990000,13.120000,13.120000,1035200,0.5,0
2015-06-01,13.180000,13.190000,13.050000,13.060000,13.060000,402500,0.5,0
2015-06-02,12.990000,13.210000,12.980000,13.050000,13.050000,246600,0.5,0
2015-06-03,13.120000,13.290000,12.980000,13.110000,13.110000,805200,0.5,0
2015-06-04,13.070000,13.090000,12.940000,12.960000,12.960000,1017800,0.5,0
2015-06-05,12.940000,13.120000,12.750000,13.080000,13.080000,1304000,0.5,0
2015-06-08,13.030000,13.070000,12.910000,12.960000,12.960000,399200,0.5,0
2015-06-09,12.950000,13.050000,12.830000,13.000000,13.000000,392500,0.5,0
2015-06-10,13.040000,13.190000,13.000000,13.140000,13.140000,699800,0.5,0
2015-06-11,13.140000,13.210000,13.070000,13.100000,13.100000,234600,0.5,0
2015-06-12,13.030000,13.050000,12.860000,12.900000,12.900000,196600,0.5,0
2015-06-15,12.780000,12.800000,12.630000,12.720000,12.720000,719400,0.5,0
2015-06-16,12.680000,12.890000,12.680000,12.890000,12.890000,437600,0.5,0
2015-06-17,12.880000,13.030000,12.870000,12.990000,12.990000,444100,0.5,0
2015-06-18,13.040000,13.180000,13.010000,13.090000,13.090000,379300,0.5,0
2015-06-19,13.040000,13.060000,12.950000,12.990000,12.990000,587800,0.5,0
2015-06-22,13.100000,13.110000,12.930000,12.970000,12.970000,518900,0.5,0
2015-06-23,12.990000,13.110000,12.940000,12.990000,12.990000,454600,0.5,0
2015-06-24,12.960000,13.130000,12.870000,13.070000,13.070000,807500,0.5,0
2015-06-25,13.130000,13.620000,13.030000,13.590000,13.590000,899300,0.5,0
2015-06-26,13.640000,13.690000,13.210000,13.220000,13.220000,7888300,0.5,0
2015-06-29,13.210000,13.290000,12.930000,12.940000,12.940000,422400,0.5,0
2015-06-30,13.080000,13.080000,12.970000,13.000000,13.000000,486100,0.5,0
2015-07-01,13.100000,13.110000,12.990000,13.040000,13.040000,974400,0.5,0
2015-07-02,13.100000,13.130000,13.000000,13.120000,13.120000,1014200,0.5,0
2015-07-06,13.080000,13.200000,12.990000,13.050000,13.050000,634700,0.5,0
2015-07-07,13.050000,13.050000,12.700000,12.900000,12.900000,739000,0.5,0
2015-07-08,12.810000,12.950000,12.700000,12.850000,12.850000,522900,0.5,0
2015-07-09,13.000000,13.180000,12.850000,12.870000,12.870000,2370200,0.5,0
2015-07-10,13.000000,13.120000,12.950000,13.090000,13.090000,476100,0.019712984561920166,1
2015-07-13,13.180000,13.470000,13.110000,13.350000,13.350000,655500,0.5,0
2015-07-14,13.350000,13.410000,13.110000,13.180000,13.180000,744300,0.5,0
2015-07-15,13.170000,13.330000,13.150000,13.260000,13.260000,406600,0.5,0
2015-07-16,13.320000,13.590000,13.300000,13.550000,13.550000,442800,0.5,0
2015-07-17,13.560000,13.650000,13.420000,13.610000,13.610000,495200,0.5,0
2015-07-20,13.650000,13.790000,13.510000,13.690000,13.690000,435800,0.5,0
2015-07-21,13.680000,13.780000,13.400000,13.530000,13.530000,457200,0.5,0
2015-07-22,13.440000,13.610000,13.380000,13.550000,13.550000,513100,0.5,0
2015-07-23,13.570000,13.650000,13.460000,13.610000,13.610000,679600,0.5,0
2015-07-24,13.560000,13.760000,13.540000,13.750000,13.750000,808300,0.5,0
2015-07-27,13.660000,13.670000,13.440000,13.540000,13.540000,1209300,0.5,0
2015-07-28,13.590000,13.700000,13.470000,13.670000,13.670000,978200,0.5,0
2015-07-29,13.670000,14.010000,13.630000,13.990000,13.990000,537400,0.5,0
2015-07-30,13.900000,14.070000,13.700000,14.050000,14.050000,481500,0.5,0
2015-07-31,14.100000,14.310000,14.030000,14.250000,14.250000,524600,0.5,0
2015-08-03,14.250000,14.450000,14.210000,14.430000,14.430000,623000,0.5,0
2015-08-04,14.440000,14.550000,14.290000,14.530000,14.530000,540900,0.5,0
2015-08-05,14.580000,14.730000,14.250000,14.420000,14.420000,1765300,0.5,0
2015-08-06,14.400000,14.440000,14.010000,14.110000,14.110000,511900,0.5,0
2015-08-07,13.620000,13.920000,13.330000,13.460000,13.460000,1336200,0.5,0
2015-08-10,13.460000,13.550000,13.370000,13.390000,13.390000,386000,0.5,0
2015-08-11,13.330000,13.420000,13.180000,13.340000,13.340000,492200,0.5,0
2015-08-12,13.310000,13.310000,13.000000,13.180000,13.180000,527700,0.5,0
2015-08-13,13.160000,13.260000,13.060000,13.200000,13.200000,317700,0.5,0
2015-08-14,13.210000,13.300000,13.140000,13.290000,13.290000,224900,0.5,0
2015-08-17,13.240000,13.430000,13.180000,13.420000,13.420000,340900,0.5,0
2015-08-18,13.390000,13.420000,13.200000,13.400000,13.400000,289500,0.5,0
2015-08-19,13.300000,13.310000,13.140000,13.140000,13.140000,326300,0.5,0
2015-08-20,13.050000,13.150000,12.670000,12.690000,12.690000,357100,0.5,0
2015-08-21,12.350000,12.970000,12.100000,12.760000,12.760000,634900,0.5,0
2015-08-24,12.180000,12.650000,12.090000,12.330000,12.330000,815100,0.5,0
2015-08-25,12.640000,12.650000,12.110000,12.150000,12.150000,586200,0.5,0
2015-08-26,12.410000,12.440000,12.040000,12.350000,12.350000,602100,0.5,0
2015-08-27,12.430000,12.600000,12.170000,12.310000,12.310000,744500,0.5,0
2015-08-28,12.300000,12.660000,12.260000,12.640000,12.640000,325200,0.5,0
2015-08-31,12.590000,12.900000,12.530000,12.880000,12.880000,574700,0.5,0
2015-09-01,12.660000,13.220000,12.540000,12.880000,12.880000,1264400,0.5,0
2015-09-02,13.020000,13.020000,12.810000,12.940000,12.940000,366600,0.5,0
2015-09-03,12.940000,13.070000,12.880000,12.900000,12.900000,249500,0.5,0
2015-09-04,12.760000,12.950000,12.730000,12.730000,12.730000,324900,0.5,0
2015-09-08,12.910000,13.090000,12.880000,13.030000,13.030000,537900,0.5,0
2015-09-09,13.110000,13.210000,12.830000,12.830000,12.830000,367000,0.5,0
2015-09-10,12.800000,12.930000,12.690000,12.770000,12.770000,257400,0.5,0
2015-09-11,12.720000,12.850000,12.520000,12.830000,12.830000,271000,0.5,0
2015-09-14,12.850000,12.950000,12.670000,12.750000,12.750000,248800,0.5,0
2015-09-15,12.770000,12.860000,12.720000,12.820000,12.820000,231700,0.5,0
2015-09-16,12.830000,13.050000,12.770000,12.990000,12.990000,322100,0.5,0
2015-09-17,13.010000,13.190000,12.980000,13.010000,13.010000,640500,0.5,0
2015-09-18,12.900000,13.000000,12.610000,12.730000,12.730000,1376100,0.5,0
2015-09-21,12.820000,12.920000,12.440000,12.490000,12.490000,429700,0.5,0
2015-09-22,12.370000,12.470000,12.250000,12.280000,12.280000,405500,0.5,0
2015-09-23,12.310000,12.340000,12.050000,12.160000,12.160000,515400,0.5,0
2015-09-24,12.130000,12.240000,11.900000,12.200000,12.200000,703300,0.5,0
2015-09-25,12.270000,12.570000,11.890000,12.010000,12.010000,2735700,0.5,0
2015-09-28,12.000000,12.070000,11.370000,11.450000,11.450000,552800,0.5,0
2015-09-29,11.450000,11.630000,11.160000,11.580000,11.580000,722600,0.5,0
2015-09-30,11.670000,11.750000,11.460000,11.730000,11.730000,950200,0.5,0
2015-10-01,11.730000,12.150000,11.630000,11.890000,11.890000,1034000,0.5,0
2015-10-02,11.800000,12.240000,11.750000,12.230000,12.230000,524600,0.5,0
2015-10-05,12.340000,12.530000,12.310000,12.490000,12.490000,391600,0.5,0
2015-10-06,12.500000,12.560000,12.350000,12.460000,12.460000,453300,0.5,0
2015-10-07,12.510000,12.590000,12.380000,12.500000,12.500000,367100,0.5,0
2015-10-08,12.500000,12.660000,12.470000,12.640000,12.640000,333600,0.5,0
2015-10-09,12.680000,13.050000,12.680000,13.000000,13.000000,573400,0.03662353754043579,1
2015-10-12,12.990000,13.050000,12.730000,12.820000,12.820000,242900,0.8177526593208313,1
2015-10-13,12.790000,12.880000,12.560000,12.570000,12.570000,228500,0.5,0
2015-10-14,12.590000,12.710000,12.500000,12.580000,12.580000,393400,0.5,0
2015-10-15,12.640000,12.800000,12.530000,12.750000,12.750000,330200,0.5,0
2015-10-16,12.790000,12.980000,12.740000,12.940000,12.940000,263700,0.5,0
2015-10-19,12.870000,12.950000,12.650000,12.810000,12.810000,125300,0.5,0
2015-10-20,12.810000,12.940000,12.730000,12.880000,12.880000,174100,0.5,0
2015-10-21,12.930000,13.100000,12.830000,12.870000,12.870000,399200,0.5,0
2015-10-22,12.940000,13.170000,12.920000,13.070000,13.070000,318400,0.5,0
2015-10-23,13.210000,13.420000,13.190000,13.350000,13.350000,399700,0.5,0
2015-10-26,13.300000,13.340000,13.080000,13.130000,13.130000,271500,0.5,0
2015-10-27,13.080000,13.140000,12.870000,12.890000,12.890000,350700,0.5,0
2015-10-28,12.950000,13.160000,12.790000,13.000000,13.000000,739800,0.5,0
2015-10-29,12.990000,13.290000,12.990000,13.190000,13.190000,634500,0.5,0
2015-10-30,13.170000,13.520000,13.120000,13.450000,13.450000,609300,0.5,0
2015-11-02,13.460000,13.790000,13.460000,13.700000,13.700000,622400,0.5,0
2015-11-03,13.640000,13.680000,13.490000,13.580000,13.580000,380700,0.5,0
2015-11-04,13.590000,13.590000,13.320000,13.370000,13.370000,356700,0.5,0
2015-11-05,13.360000,13.380000,13.160000,13.320000,13.320000,240500,0.5,0
2015-11-06,13.270000,13.340000,13.060000,13.100000,13.100000,687900,0.010186493396759033,1
2015-11-09,13.090000,13.410000,12.910000,12.920000,12.920000,1415500,0.5,0
2015-11-10,12.900000,13.220000,12.770000,13.050000,13.050000,3492300,0.5,0
2015-11-11,13.080000,13.410000,13.030000,13.170000,13.170000,930200,0.5,0
2015-11-12,13.060000,13.190000,12.880000,12.890000,12.890000,910900,0.5,0
2015-11-13,12.830000,13.010000,12.750000,12.940000,12.940000,570800,0.5,0
2015-11-16,12.910000,13.110000,12.910000,13.010000,13.010000,1254100,0.5,0
2015-11-17,13.030000,13.100000,12.990000,13.040000,13.040000,1031800,0.5,0
2015-11-18,13.040000,13.500000,12.920000,13.490000,13.490000,942200,0.5,0
2015-11-19,13.470000,13.950000,13.440000,13.940000,13.940000,1669900,0.5,0
2015-11-20,14.040000,14.110000,13.670000,13.980000,13.980000,844700,0.9264695048332214,1
2015-11-23,13.960000,13.980000,13.790000,13.890000,13.890000,671800,0.5,0
2015-11-24,13.850000,13.950000,13.630000,13.930000,13.930000,552100,0.5,0
2015-11-25,13.950000,14.080000,13.850000,13.890000,13.890000,262100,0.0012863874435424805,1
2015-11-27,13.860000,14.040000,13.780000,13.860000,13.860000,262100,0.5,0
2015-11-30,13.870000,13.900000,13.670000,13.690000,13.690000,638300,0.5,0
2015-12-01,13.710000,13.750000,13.380000,13.530000,13.530000,819000,0.5,0
2015-12-02,13.510000,13.560000,13.330000,13.360000,13.360000,358900,0.5,0
2015-12-03,13.410000,13.470000,12.990000,13.220000,13.220000,1684100,0.5,0
2015-12-04,13.250000,13.460000,13.220000,13.420000,13.420000,618100,0.5,0
2015-12-07,13.460000,13.490000,13.270000,13.310000,13.310000,702800,0.5,0
2015-12-08,13.220000,13.350000,13.190000,13.270000,13.270000,562700,0.5,0
2015-12-09,13.250000,13.350000,13.090000,13.120000,13.120000,596100,0.5,0
2015-12-10,13.130000,13.270000,12.950000,12.990000,12.990000,481000,0.5,0
2015-12-11,12.830000,13.100000,12.770000,12.980000,12.980000,876900,0.5,0
2015-12-14,13.000000,13.120000,12.720000,12.780000,12.780000,596400,0.5,0
2015-12-15,12.810000,13.010000,12.810000,12.910000,12.910000,776200,0.5,0
2015-12-16,13.020000,13.070000,12.820000,13.000000,13.000000,877200,0.5,0
2015-12-17,13.030000,13.190000,12.660000,12.790000,12.790000,741900,0.5,0
2015-12-18,12.700000,12.740000,12.500000,12.610000,12.610000,1535100,0.5,0
2015-12-21,12.690000,12.870000,12.640000,12.740000,12.740000,635400,0.5,0
2015-12-22,12.740000,12.990000,12.640000,12.980000,12.980000,572800,0.5,0
2015-12-23,12.980000,13.390000,12.960000,13.200000,13.200000,856500,0.5,0
2015-12-24,13.220000,13.460000,13.170000,13.350000,13.350000,446100,0.5,0
2015-12-28,13.300000,13.360000,13.130000,13.250000,13.250000,403500,0.5,0
2015-12-29,13.350000,13.530000,13.260000,13.480000,13.480000,536900,0.5,0
2015-12-30,13.440000,13.560000,13.400000,13.530000,13.530000,403900,0.5,0
2015-12-31,13.500000,13.730000,13.430000,13.560000,13.560000,1045500,0.5,0
2016-01-04,13.340000,13.350000,12.990000,13.230000,13.230000,608300,0.5,0
2016-01-05,13.280000,13.480000,13.110000,13.200000,13.200000,395200,0.5,0
2016-01-06,13.010000,13.090000,12.880000,12.940000,12.940000,418000,0.5,0
2016-01-07,12.730000,12.820000,12.530000,12.620000,12.620000,498400,0.5,0
2016-01-08,12.670000,12.930000,12.630000,12.840000,12.840000,872800,0.5,0
2016-01-11,12.850000,12.910000,12.540000,12.700000,12.700000,461900,0.5,0
2016-01-12,12.750000,12.790000,12.570000,12.700000,12.700000,779500,0.5,0
2016-01-13,12.700000,12.820000,12.290000,12.310000,12.310000,882700,0.5,0
2016-01-14,12.320000,12.500000,12.180000,12.280000,12.280000,909800,0.5,0
2016-01-15,12.000000,12.000000,11.600000,11.750000,11.750000,1026700,0.5,0
2016-01-19,11.780000,11.940000,11.480000,11.570000,11.570000,662200,0.5,0
2016-01-20,11.440000,11.440000,10.920000,11.340000,11.340000,959300,0.5,0
2016-01-21,11.350000,11.400000,11.060000,11.290000,11.290000,1675000,0.5,0
2016-01-22,11.430000,11.780000,11.420000,11.770000,11.770000,446300,0.5,0
2016-01-25,11.720000,11.820000,11.160000,11.270000,11.270000,876200,0.5,0
2016-01-26,11.340000,11.530000,11.320000,11.460000,11.460000,357100,0.5,0
2016-01-27,11.420000,11.570000,11.250000,11.370000,11.370000,513200,0.5,0
2016-01-28,11.500000,11.610000,11.360000,11.440000,11.440000,353400,0.5,0
2016-01-29,11.490000,12.140000,11.490000,12.140000,12.140000,888800,0.5,0
2016-02-01,12.060000,12.180000,11.900000,12.060000,12.060000,1507900,0.5,0
2016-02-02,11.940000,12.150000,11.840000,12.040000,12.040000,629600,0.5,0
2016-02-03,12.140000,12.210000,11.990000,12.170000,12.170000,711300,0.5,0
2016-02-04,12.150000,12.350000,12.070000,12.200000,12.200000,673300,0.5,0
2016-02-05,12.120000,12.790000,12.110000,12.190000,12.190000,1403300,0.5,0
2016-02-08,12.000000,12.000000,11.000000,11.160000,11.160000,1356600,0.5,0
2016-02-09,11.020000,11.170000,10.560000,10.930000,10.930000,1378500,0.5,0
2016-02-10,10.950000,11.270000,10.890000,10.890000,10.890000,677200,0.5,0
2016-02-11,10.710000,10.780000,10.320000,10.340000,10.340000,1084300,0.5,0
2016-02-12,10.410000,10.660000,10.290000,10.530000,10.530000,846200,0.5,0
2016-02-16,10.680000,10.760000,10.500000,10.760000,10.760000,498700,0.5,0
2016-02-17,10.810000,11.010000,10.770000,11.000000,11.000000,622800,0.5,0
2016-02-18,10.980000,11.050000,10.820000,10.980000,10.980000,831100,0.5,0
2016-02-19,10.960000,11.200000,10.880000,11.200000,11.200000,524300,0.5,0
2016-02-22,11.280000,11.480000,11.240000,11.360000,11.360000,731000,0.5,0
2016-02-23,11.310000,11.420000,11.240000,11.360000,11.360000,490800,0.5,0
2016-02-24,11.220000,11.360000,10.920000,11.330000,11.330000,920300,0.5,0
2016-02-25,11.340000,11.470000,11.210000,11.320000,11.320000,798200,0.5,0
2016-02-26,11.370000,11.480000,11.270000,11.390000,11.390000,371100,0.5,0
2016-02-29,11.430000,11.660000,11.240000,11.640000,11.640000,1208800,0.5,0
2016-03-01,11.710000,11.780000,11.570000,11.720000,11.720000,827400,0.5,0
2016-03-02,11.680000,12.090000,11.540000,12.070000,12.070000,920700,0.5,0
2016-03-03,12.010000,12.210000,11.940000,12.210000,12.210000,543600,0.5,0
2016-03-04,12.180000,12.390000,12.130000,12.190000,12.190000,636600,0.5,0
2016-03-07,12.120000,12.230000,11.990000,12.040000,12.040000,675700,0.5,0
2016-03-08,12.000000,12.020000,11.770000,11.900000,11.900000,609100,0.5,0
2016-03-09,11.900000,12.090000,11.900000,12.040000,12.040000,446200,0.5,0
2016-03-10,12.060000,12.110000,11.840000,12.010000,12.010000,593800,0.5,0
2016-03-11,12.060000,12.620000,11.960000,12.590000,12.590000,756900,0.5,0
2016-03-14,12.560000,12.810000,12.530000,12.780000,12.780000,497100,0.5,0
2016-03-15,12.680000,12.870000,12.580000,12.840000,12.840000,493600,0.5,0
2016-03-16,12.800000,13.120000,12.800000,13.080000,13.080000,489600,0.5,0
2016-03-17,13.100000,13.500000,13.100000,13.470000,13.470000,1041200,0.5,0
2016-03-18,13.590000,13.650000,13.380000,13.430000,13.430000,1650200,0.5,0
2016-03-21,13.430000,13.470000,13.240000,13.240000,13.240000,756200,0.5,0
2016-03-22,13.150000,13.300000,13.010000,13.230000,13.230000,1281100,0.5,0
2016-03-23,13.200000,13.390000,13.180000,13.260000,13.260000,600200,0.5,0
2016-03-24,13.190000,13.410000,13.090000,13.410000,13.410000,598100,0.5,0
2016-03-28,13.400000,13.570000,13.360000,13.470000,13.470000,486400,0.5,0
2016-03-29,13.460000,13.770000,13.420000,13.760000,13.760000,1271000,0.5,0
2016-03-30,13.800000,13.880000,13.590000,13.720000,13.720000,1405400,0.5,0
2016-03-31,13.680000,14.040000,13.600000,13.930000,13.930000,2292100,0.5,0
2016-04-01,13.850000,14.040000,13.580000,13.740000,13.740000,934900,0.5,0
2016-04-04,13.760000,13.810000,13.620000,13.670000,13.670000,758300,0.5,0
2016-04-05,13.620000,13.760000,13.410000,13.430000,13.430000,760600,0.5,0
2016-04-06,13.400000,13.640000,13.370000,13.430000,13.430000,1526200,0.5,0
2016-04-07,13.310000,13.420000,13.000000,13.150000,13.150000,1394700,0.5,0
2016-04-08,13.270000,13.540000,12.980000,13.540000,13.540000,2048700,0.5,0
2016-04-11,13.590000,13.840000,13.490000,13.670000,13.670000,1163400,0.5,0
2016-04-12,13.690000,13.840000,13.630000,13.690000,13.690000,993300,0.5,0
2016-04-13,13.740000,13.850000,13.640000,13.700000,13.700000,738200,0.5,0
2016-04-14,13.720000,13.860000,13.630000,13.820000,13.820000,637500,0.5,0
2016-04-15,13.820000,13.930000,13.740000,13.850000,13.850000,1080100,0.5,0
2016-04-18,13.790000,14.090000,13.790000,14.000000,14.000000,583100,0.5,0
2016-04-19,14.000000,14.310000,13.950000,14.050000,14.050000,771600,0.5,0
2016-04-20,14.060000,14.170000,13.730000,13.930000,13.930000,1369400,0.5,0
2016-04-21,13.930000,13.940000,13.780000,13.840000,13.840000,340400,0.5,0
2016-04-22,13.810000,14.050000,13.720000,14.030000,14.030000,435000,0.5,0
2016-04-25,14.020000,14.150000,13.980000,14.110000,14.110000,361400,0.5,0
2016-04-26,14.080000,14.220000,14.040000,14.190000,14.190000,472200,0.5,0
2016-04-27,14.210000,14.400000,13.830000,14.120000,14.120000,584200,0.5,0
2016-04-28,14.090000,14.500000,14.090000,14.300000,14.300000,749900,0.5,0
2016-04-29,14.290000,14.430000,14.130000,14.400000,14.400000,686500,0.5,0
2016-05-02,14.380000,14.530000,14.320000,14.470000,14.470000,591000,0.5,0
2016-05-03,14.380000,14.400000,14.180000,14.240000,14.240000,589900,0.5,0
2016-05-04,14.160000,14.540000,14.160000,14.480000,14.480000,499600,0.5,0
2016-05-05,14.500000,14.590000,14.250000,14.390000,14.390000,595000,0.5,0
2016-05-06,14.390000,14.570000,14.340000,14.500000,14.500000,1971300,0.5,0
2016-05-09,14.490000,14.510000,13.770000,13.780000,13.780000,1629000,0.5,0
2016-05-10,13.840000,13.980000,13.780000,13.840000,13.840000,880800,0.5,0
2016-05-11,13.840000,14.370000,13.760000,14.150000,14.150000,2387300,0.5,0
2016-05-12,14.210000,14.380000,13.940000,13.990000,13.990000,770700,0.5,0
2016-05-13,13.920000,14.060000,13.860000,13.860000,13.860000,677100,0.5,0
2016-05-16,13.860000,14.030000,13.860000,14.010000,14.010000,763400,0.5,0
2016-05-17,13.990000,14.150000,13.850000,13.980000,13.980000,922600,0.5,0
2016-05-18,13.960000,14.030000,13.740000,13.890000,13.890000,715700,0.5,0
2016-05-19,13.800000,13.950000,13.730000,13.750000,13.750000,545500,0.5,0
2016-05-20,13.820000,13.950000,13.760000,13.820000,13.820000,557600,0.5,0
2016-05-23,13.820000,13.830000,13.680000,13.690000,13.690000,561600,0.5,0
2016-05-24,13.710000,13.890000,13.640000,13.700000,13.700000,1284700,0.5,0
2016-05-25,13.730000,14.050000,13.730000,13.940000,13.940000,1015000,0.5,0
2016-05-26,13.940000,14.000000,13.780000,13.800000,13.800000,935000,0.5,0
2016-05-27,13.760000,13.820000,13.730000,13.800000,13.800000,1830900,0.5,0
2016-05-31,13.870000,13.930000,13.120000,13.130000,13.130000,1729500,0.5,0
2016-06-01,13.080000,13.270000,13.000000,13.270000,13.270000,1948600,0.5,0
2016-06-02,13.250000,13.560000,13.130000,13.550000,13.550000,1269000,0.5,0
2016-06-03,13.550000,13.550000,13.280000,13.490000,13.490000,718100,0.5,0
2016-06-06,13.490000,13.620000,13.390000,13.590000,13.590000,578700,0.5,0
2016-06-07,13.560000,13.600000,13.460000,13.490000,13.490000,358400,0.5,0
2016-06-08,13.490000,13.730000,13.450000,13.660000,13.660000,701100,0.5,0
2016-06-09,13.640000,13.830000,13.540000,13.790000,13.790000,663700,0.5,0
2016-06-10,13.690000,13.740000,13.510000,13.660000,13.660000,507400,0.5,0
2016-06-13,13.660000,13.660000,13.280000,13.290000,13.290000,721800,0.5,0
2016-06-14,13.230000,13.230000,12.950000,13.140000,13.140000,687000,0.5,0
2016-06-15,13.160000,13.430000,13.110000,13.270000,13.270000,462300,0.5,0
2016-06-16,13.180000,13.410000,13.130000,13.400000,13.400000,443200,0.5,0
2016-06-17,13.450000,13.510000,13.360000,13.430000,13.430000,1233700,0.5,0
2016-06-20,13.620000,13.850000,13.550000,13.740000,13.740000,915400,0.5,0
2016-06-21,13.850000,13.870000,13.770000,13.800000,13.800000,391900,0.5,0
2016-06-22,13.780000,13.850000,13.690000,13.730000,13.730000,590200,0.5,0
2016-06-23,13.810000,14.090000,13.770000,14.090000,14.090000,1087100,0.5,0
2016-06-24,13.670000,13.780000,13.310000,13.360000,13.360000,6723500,0.5,0
2016-06-27,13.190000,13.190000,12.590000,12.620000,12.620000,1461000,0.5,0
2016-06-28,12.710000,12.850000,12.500000,12.830000,12.830000,1497600,0.5,0
2016-06-29,12.930000,13.340000,12.870000,13.340000,13.340000,623100,0.5,0
2016-06-30,13.400000,13.770000,13.290000,13.730000,13.730000,1371700,0.5,0
2016-07-01,13.750000,13.850000,13.550000,13.580000,13.580000,530500,0.5,0
2016-07-05,13.560000,13.670000,13.380000,13.520000,13.520000,835700,0.5,0
2016-07-06,13.420000,13.480000,13.140000,13.470000,13.470000,474300,0.5,0
2016-07-07,13.460000,13.580000,13.400000,13.550000,13.550000,424400,0.5,0
2016-07-08,13.720000,14.030000,13.640000,13.960000,13.960000,970700,0.5,0
2016-07-11,14.070000,14.130000,13.920000,14.050000,14.050000,809000,0.5,0
2016-07-12,14.080000,14.160000,14.020000,14.080000,14.080000,734700,0.5,0
2016-07-13,14.100000,14.200000,14.040000,14.070000,14.070000,811100,0.5,0
2016-07-14,14.070000,14.210000,13.930000,13.940000,13.940000,1425900,0.5,0
2016-07-15,14.010000,14.170000,13.930000,14.140000,14.140000,2999200,0.5,0
2016-07-18,14.080000,14.170000,13.940000,13.990000,13.990000,821900,0.5,0
2016-07-19,13.930000,14.040000,13.790000,14.040000,14.040000,1305200,0.5,0
2016-07-20,14.020000,14.150000,13.860000,14.070000,14.070000,1646300,0.5,0
2016-07-21,14.070000,14.140000,13.840000,13.870000,13.870000,764100,0.5,0
2016-07-22,13.870000,14.100000,13.840000,14.060000,14.060000,845700,0.5,0
2016-07-25,14.040000,14.110000,13.970000,14.030000,14.030000,977600,0.5,0
2016-07-26,13.990000,14.150000,13.930000,14.020000,14.020000,1022000,0.5,0
2016-07-27,14.070000,14.090000,13.760000,13.910000,13.910000,1183200,0.5,0
2016-07-28,13.950000,14.650000,13.950000,14.550000,14.550000,2753300,0.5,0
2016-07-29,14.600000,14.930000,14.520000,14.890000,14.890000,1536900,0.5,0
2016-08-01,14.930000,15.050000,14.850000,14.950000,14.950000,659600,0.5,0
2016-08-02,14.970000,15.000000,14.790000,14.920000,14.920000,514100,0.5,0
2016-08-03,14.960000,15.110000,14.870000,15.110000,15.110000,497600,0.5,0
2016-08-04,15.150000,15.220000,15.070000,15.130000,15.130000,325200,0.5,0
2016-08-05,15.130000,15.450000,15.130000,15.430000,15.430000,453100,0.5,0
2016-08-08,15.430000,15.610000,15.410000,15.540000,15.540000,842700,0.5,0
2016-08-09,15.720000,15.860000,15.000000,15.510000,15.510000,823000,0.5,0
2016-08-10,15.500000,15.910000,15.480000,15.850000,15.850000,897800,0.5,0
2016-08-11,15.920000,16.059999,15.910000,15.980000,15.980000,398800,0.5,0
2016-08-12,16.020000,16.020000,15.860000,15.900000,15.900000,911900,0.5,0
2016-08-15,15.910000,16.020000,15.880000,15.980000,15.980000,937600,0.5,0
2016-08-16,15.900000,15.980000,15.860000,15.910000,15.910000,455100,0.5,0
2016-08-17,15.860000,16.000000,15.750000,15.920000,15.920000,618200,0.5,0
2016-08-18,15.950000,16.040001,15.910000,15.990000,15.990000,696600,0.5,0
2016-08-19,15.940000,15.990000,15.850000,15.950000,15.950000,466500,0.5,0
2016-08-22,15.910000,15.970000,15.840000,15.970000,15.970000,416300,0.5,0
2016-08-23,16.000000,16.230000,15.940000,16.040001,16.040001,720300,0.5,0
2016-08-24,16.100000,16.150000,16.020000,16.100000,16.100000,399700,0.5,0
2016-08-25,16.040001,16.389999,16.040001,16.280001,16.280001,408400,0.5,0
2016-08-26,16.260000,16.370001,15.910000,16.049999,16.049999,657000,0.5,0
2016-08-29,16.020000,16.350000,16.020000,16.129999,16.129999,369000,0.5,0
2016-08-30,16.080000,16.170000,16.020000,16.110001,16.110001,366500,0.5,0
2016-08-31,16.040001,16.230000,16.040001,16.170000,16.170000,716100,0.5,0
2016-09-01,16.170000,16.219999,15.940000,16.100000,16.100000,330600,0.5,0
2016-09-02,16.139999,16.309999,16.129999,16.209999,16.209999,203700,0.5,0
2016-09-06,16.209999,16.309999,16.090000,16.240000,16.240000,481500,0.5,0
2016-09-07,16.170000,16.209999,15.980000,16.070000,16.070000,337600,0.5,0
2016-09-08,16.070000,16.090000,15.790000,15.800000,15.800000,317300,0.5,0
2016-09-09,15.660000,15.690000,15.050000,15.060000,15.060000,617600,0.5,0
2016-09-12,15.030000,15.470000,14.950000,15.360000,15.360000,706700,0.5,0
2016-09-13,15.190000,15.220000,14.710000,14.840000,14.840000,472000,0.5,0
2016-09-14,14.890000,15.160000,14.780000,15.080000,15.080000,379800,0.5,0
2016-09-15,15.050000,15.460000,15.050000,15.420000,15.420000,366100,0.5,0
2016-09-16,15.460000,15.460000,15.220000,15.380000,15.380000,926700,0.5,0
2016-09-19,15.450000,15.490000,15.290000,15.480000,15.480000,725500,0.5,0
2016-09-20,15.500000,15.550000,15.280000,15.280000,15.280000,357500,0.5,0
2016-09-21,15.320000,15.440000,15.090000,15.360000,15.360000,887800,0.5,0
2016-09-22,15.440000,15.740000,15.430000,15.520000,15.520000,1348300,0.5,0
2016-09-23,15.510000,15.570000,15.410000,15.490000,15.490000,569000,0.5,0
2016-09-26,15.380000,15.520000,15.330000,15.450000,15.450000,350600,0.5,0
2016-09-27,15.410000,15.610000,15.410000,15.560000,15.560000,648100,0.5,0
2016-09-28,15.540000,15.710000,15.450000,15.590000,15.590000,788700,0.5,0
2016-09-29,15.520000,15.760000,15.470000,15.610000,15.610000,674200,0.5,0
2016-09-30,15.720000,15.850000,15.670000,15.700000,15.700000,913800,0.5,0
2016-10-03,15.670000,15.670000,15.340000,15.360000,15.360000,452500,0.5,0
2016-10-04,15.330000,15.490000,15.240000,15.430000,15.430000,580000,0.5,0
2016-10-05,15.420000,15.520000,15.380000,15.450000,15.450000,320900,0.5,0
2016-10-06,15.400000,15.690000,15.310000,15.480000,15.480000,545300,0.5,0
2016-10-07,15.500000,15.500000,15.340000,15.470000,15.470000,489700,0.5,0
2016-10-10,15.520000,15.670000,15.460000,15.460000,15.460000,368400,0.5,0
2016-10-11,15.460000,15.460000,15.170000,15.230000,15.230000,281600,0.5,0
2016-10-12,15.210000,15.410000,15.120000,15.250000,15.250000,1047900,0.5,0
2016-10-13,15.140000,15.310000,14.980000,15.240000,15.240000,514200,0.5,0
2016-10-14,15.360000,15.460000,15.240000,15.280000,15.280000,391600,0.5,0
2016-10-17,15.340000,15.350000,15.180000,15.220000,15.220000,500400,0.5,0
2016-10-18,15.400000,15.450000,15.250000,15.380000,15.380000,488200,0.5,0
2016-10-19,15.410000,15.520000,15.330000,15.450000,15.450000,437600,0.5,0
2016-10-20,15.410000,15.560000,15.340000,15.520000,15.520000,426300,0.5,0
2016-10-21,15.340000,15.520000,15.330000,15.430000,15.430000,274800,0.5,0
2016-10-24,15.560000,15.720000,15.460000,15.490000,15.490000,286300,0.5,0
2016-10-25,15.520000,15.540000,15.370000,15.410000,15.410000,313900,0.5,0
2016-10-26,15.350000,15.410000,15.160000,15.160000,15.160000,423100,0.5,0
2016-10-27,15.270000,15.320000,14.930000,14.960000,14.960000,354600,0.5,0
2016-10-28,14.980000,15.170000,14.940000,15.020000,15.020000,420200,0.5,0
2016-10-31,15.020000,15.170000,14.930000,15.040000,15.040000,531900,0.5,0
2016-11-01,15.100000,15.250000,14.720000,14.860000,14.860000,594300,0.5,0
2016-11-02,14.840000,14.890000,14.720000,14.790000,14.790000,477800,0.5,0
2016-11-03,14.840000,14.900000,14.730000,14.800000,14.800000,515300,0.5,0
2016-11-04,14.800000,14.920000,14.470000,14.540000,14.540000,749200,0.5,0
2016-11-07,14.860000,15.130000,14.800000,15.050000,15.050000,483200,0.5,0
2016-11-08,15.050000,15.170000,14.990000,15.050000,15.050000,479100,0.5,0
2016-11-09,15.000000,15.130000,14.700000,15.050000,15.050000,981400,0.5,0
2016-11-10,15.170000,15.250000,14.300000,14.320000,14.320000,1216000,0.5,0
2016-11-11,14.320000,14.900000,14.280000,14.880000,14.880000,738000,0.5,0
2016-11-14,14.980000,15.050000,14.820000,14.910000,14.910000,505600,0.5,0
2016-11-15,14.930000,15.150000,14.780000,15.110000,15.110000,769100,0.5,0
2016-11-16,15.100000,15.230000,14.940000,15.200000,15.200000,679800,0.5,0
2016-11-17,15.230000,15.240000,14.070000,14.580000,14.580000,964600,0.5,0
2016-11-18,15.450000,15.820000,14.920000,15.050000,15.050000,3348200,0.5,0
2016-11-21,15.050000,15.710000,15.050000,15.710000,15.710000,2608400,0.5,0
2016-11-22,15.780000,15.960000,15.660000,15.780000,15.780000,1609400,0.5,0
2016-11-23,15.780000,15.850000,15.440000,15.800000,15.800000,1351700,0.5,0
2016-11-25,15.810000,15.940000,15.750000,15.940000,15.940000,988800,0.5,0
2016-11-28,15.960000,16.080000,15.490000,15.710000,15.710000,1393300,0.5,0
2016-11-29,15.770000,15.770000,15.520000,15.670000,15.670000,871800,0.5,0
2016-11-30,15.710000,15.820000,15.450000,15.560000,15.560000,1415800,0.5,0
2016-12-01,15.620000,15.630000,14.830000,14.850000,14.850000,1482200,0.5,0
2016-12-02,14.890000,15.080000,14.890000,14.970000,14.970000,1202000,0.5,0
2016-12-05,15.040000,15.150000,14.880000,14.890000,14.890000,1268700,0.5,0
2016-12-06,14.970000,15.230000,14.870000,15.180000,15.180000,942400,0.5,0
2016-12-07,15.180000,15.320000,15.040000,15.260000,15.260000,2158500,0.5,0
2016-12-08,15.200000,15.510000,15.140000,15.400000,15.400000,1382900,0.5,0
2016-12-09,15.430000,15.700000,15.430000,15.500000,15.500000,1370600,0.5,0
2016-12-12,15.500000,15.670000,15.440000,15.510000,15.510000,930500,0.5,0
2016-12-13,15.550000,15.700000,15.530000,15.640000,15.640000,1053100,0.5,0
2016-12-14,15.650000,15.650000,15.340000,15.390000,15.390000,602200,0.5,0
2016-12-15,15.430000,15.540000,15.280000,15.380000,15.380000,591000,0.5,0
2016-12-16,15.460000,15.690000,15.340000,15.400000,15.400000,1265900,0.5,0
2016-12-19,15.420000,15.610000,15.360000,15.430000,15.430000,719600,0.5,0
2016-12-20,15.400000,15.550000,15.380000,15.510000,15.510000,2324900,0.5,0
2016-12-21,15.530000,15.670000,15.440000,15.530000,15.530000,1550200,0.5,0
2016-12-22,15.450000,15.490000,15.220000,15.350000,15.350000,1395900,0.5,0
2016-12-23,15.370000,15.500000,15.320000,15.440000,15.440000,756700,0.5,0
2016-12-27,15.440000,15.520000,15.350000,15.440000,15.440000,529100,0.5,0
2016-12-28,15.410000,15.490000,15.380000,15.420000,15.420000,578500,0.5,0
2016-12-29,15.410000,15.550000,15.410000,15.470000,15.470000,515500,0.5,0
2016-12-30,15.500000,15.560000,15.380000,15.560000,15.560000,929500,0.5,0
2017-01-03,15.580000,15.740000,15.290000,15.480000,15.480000,974400,0.5,0
2017-01-04,15.510000,15.710000,15.450000,15.610000,15.610000,1128100,0.5,0
2017-01-05,15.600000,15.620000,15.410000,15.560000,15.560000,534900,0.5,0
2017-01-06,15.500000,15.660000,15.370000,15.420000,15.420000,535900,0.5,0
2017-01-09,15.410000,15.620000,15.200000,15.590000,15.590000,901100,0.5,0
2017-01-10,15.520000,15.540000,15.370000,15.520000,15.520000,554100,0.5,0
2017-01-11,15.530000,15.680000,15.450000,15.650000,15.650000,450200,0.5,0
2017-01-12,15.640000,15.660000,15.400000,15.650000,15.650000,619000,0.5,0
2017-01-13,15.720000,15.730000,15.550000,15.670000,15.670000,432500,0.5,0
2017-01-17,15.690000,15.860000,15.610000,15.760000,15.760000,556300,0.5,0
2017-01-18,15.790000,15.950000,15.740000,15.820000,15.820000,771200,0.5,0
2017-01-19,15.820000,15.880000,15.770000,15.850000,15.850000,837500,0.5,0
2017-01-20,15.860000,15.990000,15.760000,15.780000,15.780000,381500,0.5,0
2017-01-23,15.790000,15.800000,15.540000,15.680000,15.680000,322000,0.5,0
2017-01-24,15.700000,15.930000,15.670000,15.900000,15.900000,1058500,0.5,0
2017-01-25,15.980000,16.180000,15.980000,16.100000,16.100000,725600,0.5,0
2017-01-26,16.430000,17.170000,16.150000,17.100000,17.100000,3059000,0.5,0
2017-01-27,17.020000,17.219999,16.910000,17.170000,17.170000,617600,0.5,0
2017-01-30,17.000000,17.010000,16.580000,16.770000,16.770000,748400,0.5,0
2017-01-31,16.809999,17.070000,16.750000,16.830000,16.830000,3484800,0.5,0
2017-02-01,16.889999,16.889999,16.680000,16.780001,16.780001,1521300,0.5,0
2017-02-02,16.820000,16.990000,16.809999,16.900000,16.900000,695400,0.5,0
2017-02-03,17.000000,17.000000,16.770000,16.790001,16.790001,759500,0.5,0
2017-02-06,16.770000,17.150000,16.770000,17.129999,17.129999,1063300,0.5,0
2017-02-07,17.180000,17.420000,17.059999,17.290001,17.290001,1494200,0.5,0
2017-02-08,17.240000,17.629999,17.059999,17.309999,17.309999,2476200,0.5,0
2017-02-09,17.320000,17.570000,17.219999,17.260000,17.260000,2631800,0.5,0
2017-02-10,17.379999,17.440001,17.150000,17.370001,17.370001,1989800,0.5,0
2017-02-13,17.400000,17.580000,17.290001,17.299999,17.299999,2442000,0.5,0
2017-02-14,17.290001,17.450001,17.230000,17.410000,17.410000,3138700,0.5,0
2017-02-15,17.450001,17.760000,17.379999,17.650000,17.650000,3952100,0.5,0
2017-02-16,17.700001,17.760000,17.430000,17.690001,17.690001,2270200,0.5,0
2017-02-17,17.700001,17.930000,17.650000,17.799999,17.799999,2211000,0.5,0
2017-02-21,17.820000,18.150000,17.820000,18.150000,18.150000,2201500,0.5,0
2017-02-22,18.139999,18.340000,18.120001,18.340000,18.340000,873500,0.5,0
2017-02-23,18.410000,18.490000,18.230000,18.360001,18.360001,1278500,0.5,0
2017-02-24,18.270000,18.400000,18.139999,18.360001,18.360001,814200,0.5,0
2017-02-27,18.340000,18.469999,18.260000,18.420000,18.420000,2138800,0.5,0
2017-02-28,18.360001,18.420000,18.260000,18.379999,18.379999,1632400,0.5,0
2017-03-01,18.469999,18.580000,18.350000,18.570000,18.570000,1794400,0.5,0
2017-03-02,18.570000,18.580000,18.420000,18.559999,18.559999,759200,0.5,0
2017-03-03,18.549999,18.639999,18.420000,18.540001,18.540001,1049900,0.5,0
2017-03-06,18.440001,18.490000,18.270000,18.469999,18.469999,601700,0.5,0
2017-03-07,18.450001,18.760000,18.370001,18.580000,18.580000,1446900,0.5,0
2017-03-08,18.620001,18.700001,18.370001,18.400000,18.400000,1027300,0.5,0
2017-03-09,18.469999,18.549999,18.330000,18.420000,18.420000,582900,0.5,0
2017-03-10,18.520000,18.670000,18.440001,18.530001,18.530001,868100,0.5,0
2017-03-13,18.510000,18.620001,18.490000,18.549999,18.549999,554700,0.5,0
2017-03-14,18.480000,18.889999,18.430000,18.719999,18.719999,2570000,0.5,0
2017-03-15,18.809999,19.049999,18.780001,19.030001,19.030001,1738700,0.5,0
2017-03-16,19.120001,19.440001,19.120001,19.389999,19.389999,2102300,0.5,0
2017-03-17,19.490000,19.500000,19.209999,19.330000,19.330000,2097100,0.5,0
2017-03-20,19.370001,19.410000,19.100000,19.110001,19.110001,881200,0.5,0
2017-03-21,19.150000,19.260000,19.020000,19.150000,19.150000,1082700,0.5,0
2017-03-22,19.160000,19.200001,19.010000,19.170000,19.170000,738900,0.5,0
2017-03-23,19.100000,19.250000,18.840000,18.870001,18.870001,2027600,0.5,0
2017-03-24,19.059999,19.150000,18.830000,19.010000,19.010000,1421200,0.5,0
2017-03-27,18.870001,19.059999,18.709999,19.030001,19.030001,893400,0.5,0
2017-03-28,19.000000,19.250000,19.000000,19.200001,19.200001,1310300,0.5,0
2017-03-29,19.209999,19.309999,19.120001,19.260000,19.260000,787200,0.5,0
2017-03-30,19.290001,19.290001,19.100000,19.170000,19.170000,1023900,0.5,0
2017-03-31,19.170000,19.379999,19.059999,19.320000,19.320000,1612800,0.5,0
2017-04-03,19.299999,19.540001,19.270000,19.430000,19.430000,1523000,0.5,0
2017-04-04,19.430000,19.570000,19.170000,19.250000,19.250000,1126100,0.5,0
2017-04-05,19.330000,19.500000,19.209999,19.230000,19.230000,1784900,0.5,0
2017-04-06,19.270000,19.379999,19.180000,19.370001,19.370001,1534100,0.5,0
2017-04-07,19.379999,19.629999,19.330000,19.440001,19.440001,691500,0.5,0
2017-04-10,19.459999,19.530001,19.240000,19.389999,19.389999,713000,0.5,0
2017-04-11,19.370001,19.670000,19.330000,19.670000,19.670000,669600,0.5,0
2017-04-12,19.680000,19.700001,19.389999,19.590000,19.590000,1086200,0.5,0
2017-04-13,19.549999,19.600000,19.379999,19.580000,19.580000,1699000,0.5,0
2017-04-17,19.639999,19.670000,19.480000,19.660000,19.660000,1174000,0.5,0
2017-04-18,19.700001,19.760000,19.469999,19.590000,19.590000,2215600,0.5,0
2017-04-19,19.639999,19.680000,19.480000,19.590000,19.590000,3111000,0.5,0
2017-04-20,19.600000,19.660000,19.530001,19.639999,19.639999,1888800,0.5,0
2017-04-21,19.620001,19.660000,19.480000,19.530001,19.530001,1808800,0.5,0
2017-04-24,19.700001,19.930000,19.610001,19.850000,19.850000,1668000,0.5,0
2017-04-25,19.950001,20.070000,19.900000,20.059999,20.059999,1605400,0.5,0
2017-04-26,20.059999,20.080000,19.860001,19.870001,19.870001,1602600,0.5,0
2017-04-27,19.900000,20.120001,19.790001,20.070000,20.070000,1529400,0.5,0
2017-04-28,20.059999,20.059999,19.799999,20.010000,20.010000,1142200,0.5,0
2017-05-01,19.980000,20.080000,19.930000,20.059999,20.059999,1123000,0.5,0
2017-05-02,20.080000,20.170000,18.370001,18.389999,18.389999,3020100,0.5,0
2017-05-03,18.280001,18.379999,17.959999,18.100000,18.100000,1884000,0.5,0
2017-05-04,18.190001,18.200001,17.980000,18.160000,18.160000,1371700,0.5,0
2017-05-05,18.250000,18.270000,17.980000,18.270000,18.270000,1220500,0.5,0
2017-05-08,18.250000,18.260000,17.840000,17.950001,17.950001,1699000,0.5,0
2017-05-09,17.969999,18.030001,17.610001,17.670000,17.670000,1787100,0.5,0
2017-05-10,17.650000,18.459999,17.459999,17.900000,17.900000,1960500,0.5,0
2017-05-11,17.840000,18.200001,17.639999,18.040001,18.040001,2188400,0.5,0
2017-05-12,17.959999,18.020000,17.690001,17.879999,17.879999,1717800,0.5,0
2017-05-15,17.900000,18.059999,17.900000,17.950001,17.950001,1042200,0.5,0
2017-05-16,17.910000,18.010000,17.760000,17.760000,17.760000,1800500,0.5,0
2017-05-17,17.660000,17.799999,17.400000,17.400000,17.400000,1130400,0.5,0
2017-05-18,17.389999,17.620001,17.250000,17.510000,17.510000,1581300,0.5,0
2017-05-19,17.500000,17.850000,17.500000,17.719999,17.719999,963800,0.5,0
2017-05-22,17.730000,17.860001,17.620001,17.719999,17.719999,717600,0.5,0
2017-05-23,17.780001,17.780001,17.580000,17.590000,17.590000,875100,0.5,0
2017-05-24,18.100000,18.660000,18.100000,18.549999,18.549999,4672300,0.5,0
2017-05-25,18.549999,18.730000,18.500000,18.559999,18.559999,1077900,0.5,0
2017-05-26,18.540001,18.629999,18.490000,18.610001,18.610001,694900,0.5,0
2017-05-30,18.570000,18.709999,18.480000,18.690001,18.690001,733100,0.5,0
2017-05-31,18.730000,19.000000,18.709999,18.969999,18.969999,1468800,0.5,0
2017-06-01,19.020000,19.530001,18.930000,19.510000,19.510000,1832800,0.5,0
2017-06-02,19.570000,19.770000,19.540001,19.680000,19.680000,1434900,0.5,0
2017-06-05,19.639999,19.700001,19.420000,19.690001,19.690001,1013100,0.5,0
2017-06-06,19.650000,19.650000,19.430000,19.459999,19.459999,716600,0.5,0
2017-06-07,19.469999,19.559999,19.299999,19.510000,19.510000,801800,0.5,0
2017-06-08,19.510000,19.510000,19.240000,19.320000,19.320000,1059900,0.5,0
2017-06-09,19.340000,19.410000,18.850000,18.940001,18.940001,1006300,0.5,0
2017-06-12,18.910000,19.020000,18.910000,19.000000,19.000000,726000,0.5,0
2017-06-13,18.969999,19.020000,18.730000,18.950001,18.950001,833100,0.5,0
2017-06-14,18.980000,19.049999,18.840000,18.860001,18.860001,697600,0.5,0
2017-06-15,18.660000,19.020000,18.600000,18.959999,18.959999,572700,0.5,0
2017-06-16,18.580000,18.969999,18.580000,18.790001,18.790001,1127200,0.5,0
2017-06-19,18.860001,18.920000,18.770000,18.900000,18.900000,467500,0.5,0
2017-06-20,18.860001,18.889999,18.510000,18.530001,18.530001,465100,0.5,0
2017-06-21,18.580000,18.600000,18.200001,18.200001,18.200001,723100,0.5,0
2017-06-22,18.200001,18.260000,18.010000,18.070000,18.070000,459200,0.5,0
2017-06-23,18.059999,18.219999,18.000000,18.100000,18.100000,745100,0.5,0
2017-06-26,18.160000,18.160000,17.920000,17.980000,17.980000,437100,0.5,0
2017-06-27,17.910000,17.920000,17.600000,17.600000,17.600000,545800,0.5,0
2017-06-28,17.719999,17.930000,17.719999,17.750000,17.750000,624400,0.5,0
2017-06-29,17.730000,17.770000,17.430000,17.570000,17.570000,669200,0.5,0
2017-06-30,17.600000,17.830000,17.570000,17.709999,17.709999,607500,0.5,0
2017-07-03,17.780001,17.900000,17.660000,17.719999,17.719999,367800,0.5,0
2017-07-05,17.690001,17.820000,17.590000,17.650000,17.650000,548100,0.5,0
2017-07-06,17.559999,17.559999,17.290001,17.490000,17.490000,607600,0.5,0
2017-07-07,17.530001,17.650000,17.469999,17.600000,17.600000,441000,0.5,0
2017-07-10,17.600000,17.670000,17.549999,17.559999,17.559999,530400,0.5,0
2017-07-11,17.600000,17.660000,17.370001,17.430000,17.430000,579200,0.5,0
2017-07-12,17.549999,17.660000,17.400000,17.469999,17.469999,667600,0.5,0
2017-07-13,17.520000,17.520000,17.350000,17.400000,17.400000,556500,0.5,0
2017-07-14,17.459999,17.610001,17.459999,17.559999,17.559999,544000,0.5,0
2017-07-17,17.570000,17.680000,17.389999,17.559999,17.559999,562200,0.5,0
2017-07-18,17.520000,17.570000,17.219999,17.299999,17.299999,1124600,0.5,0
2017-07-19,17.340000,17.530001,17.340000,17.400000,17.400000,1669200,0.5,0
2017-07-20,17.400000,17.600000,17.340000,17.410000,17.410000,867300,0.5,0
2017-07-21,17.820000,17.820000,17.219999,17.370001,17.370001,1222200,0.5,0
2017-07-24,17.370001,17.370001,17.110001,17.240000,17.240000,754200,0.5,0
2017-07-25,17.290001,17.459999,17.219999,17.410000,17.410000,784400,0.5,0
2017-07-26,17.490000,17.570000,17.260000,17.290001,17.290001,988600,0.5,0
2017-07-27,17.010000,17.010000,15.800000,16.680000,16.680000,3162100,0.5,0
2017-07-28,16.650000,16.750000,16.610001,16.690001,16.690001,1181900,0.5,0
2017-07-31,16.660000,16.709999,16.480000,16.570000,16.570000,1351300,0.5,0
2017-08-01,16.660000,16.879999,16.510000,16.670000,16.670000,3050300,0.5,0
2017-08-02,16.670000,16.700001,16.320000,16.490000,16.490000,1769000,0.5,0
2017-08-03,16.480000,16.580000,16.250000,16.420000,16.420000,2246200,0.5,0
2017-08-04,16.559999,16.559999,16.180000,16.340000,16.340000,1983900,0.5,0
2017-08-07,16.320000,16.410000,16.150000,16.260000,16.260000,1802400,0.5,0
2017-08-08,16.230000,16.309999,15.880000,16.080000,16.080000,1639400,0.5,0
2017-08-09,15.980000,16.209999,15.960000,16.100000,16.100000,1273400,0.5,0
2017-08-10,16.049999,16.139999,15.970000,16.030001,16.030001,1508500,0.5,0
2017-08-11,15.770000,16.049999,15.620000,15.990000,15.990000,1081300,0.5,0
2017-08-14,16.049999,16.180000,15.990000,16.000000,16.000000,682900,0.5,0
2017-08-15,15.990000,16.010000,15.770000,15.790000,15.790000,1154100,0.5,0
2017-08-16,15.800000,15.970000,15.770000,15.850000,15.850000,2536400,0.5,0
2017-08-17,15.810000,15.900000,15.650000,15.700000,15.700000,1785400,0.5,0
2017-08-18,15.600000,15.630000,15.400000,15.430000,15.430000,981500,0.5,0
2017-08-21,15.440000,15.560000,15.320000,15.370000,15.370000,625500,0.5,0
2017-08-22,15.370000,15.430000,15.230000,15.360000,15.360000,917400,0.5,0
2017-08-23,15.300000,15.440000,15.250000,15.260000,15.260000,1238300,0.5,0
2017-08-24,15.270000,15.630000,15.270000,15.530000,15.530000,1176300,0.5,0
2017-08-25,15.580000,15.740000,15.530000,15.680000,15.680000,571500,0.5,0
2017-08-28,15.710000,15.710000,15.290000,15.450000,15.450000,1452900,0.5,0
2017-08-29,15.430000,15.500000,15.400000,15.500000,15.500000,523200,0.5,0
2017-08-30,15.480000,15.500000,15.360000,15.480000,15.480000,607300,0.5,0
2017-08-31,15.500000,15.910000,15.490000,15.790000,15.790000,1218600,0.5,0
2017-09-01,15.830000,15.960000,15.750000,15.840000,15.840000,913500,0.5,0
